applicant_id,application_date,first_name,last_name
1,2012-01-28,Robert,Scott
2,2012-02-04,Brandon,Torres
3,2012-02-07,Jonathan,Jackson
4,2012-02-09,Sarah,White
5,2012-02-23,Barbara,Morris
6,2012-03-06,Nicholas,Taylor
7,2012-03-14,Anthony,Sanders
8,2012-04-05,Rebecca,Flores
9,2012-04-14,Jeffrey,Ross
10,2012-04-15,Andrew,Wright
11,2012-05-09,Samuel,Gonzalez
12,2012-06-02,Dorothy,Robinson
13,2012-07-02,Rebecca,Taylor
14,2012-07-21,Patrick,Phillips
15,2012-07-23,Matthew,Sanchez
16,2012-08-15,Emma,Martin
17,2012-08-15,George,Williams
18,2012-08-20,Katherine,Butler
19,2012-08-24,Eric,Lewis
20,2012-08-29,Margaret,Clark
21,2012-09-01,Catherine,Martin
22,2012-09-26,Robert,Green
23,2012-10-06,Edward,Stewart
24,2012-11-08,Pam,Harris
25,2012-11-19,Jeffrey,Brooks
26,2012-11-28,Eric,Hall
27,2012-11-29,Nancy,Rogers
28,2012-12-06,Rebecca,Jones
29,2012-12-24,Raymond,Campbell
30,2013-01-09,Cynthia,Bailey
31,2013-01-10,Melissa,Taylor
32,2013-02-09,Kathleen,Stewart
33,2013-02-09,Larry,Wilson
34,2013-02-17,Justin,Gomez-Alexander
35,2013-02-28,Amy,Taylor
36,2013-03-04,Jeffrey,Lewis
37,2013-03-06,Greg,Brown Alexander
38,2013-04-10,Nancy,Sanchez
39,2013-04-28,Deborah,Evans
40,2013-05-05,Melissa,Nguyen
41,2013-05-05,Emma,Evans
42,2013-05-16,Angela,Martinez
43,2013-06-09,Lisa,Stewart
44,2013-06-10,Debra,Edwards
45,2013-06-16,Betty,Reed
46,2013-06-27,Eric,Turner
47,2013-07-01,Raymond,Gray
48,2013-07-01,Margaret,Carter
49,2013-07-02,Kim,Hill
50,2013-07-02,Joseph,Long
51,2013-07-04,Donna,Moore
52,2013-07-30,David,Robinson
53,2013-07-31,Melissa,Parker
54,2013-08-13,Christopher,Rodriguez
55,2013-09-07,Benjamin,Long
56,2013-09-13,Katherine,Hill
57,2013-09-24,Brian,Harris
58,2013-09-30,Scott,Ramirez
59,2013-10-01,Sarah,Lee
60,2013-10-04,Carolyn,Green Reynolds
61,2013-10-23,Katherine,Nguyen-Bryant
62,2013-11-02,David,Stewart Hamilton
63,2013-11-05,Christopher,Price-Chavez
64,2013-11-09,Beth,Russell
65,2013-11-10,Kathleen,Roberts
66,2013-11-11,Dennis,Campbell
67,2013-11-20,Betty,Gonzalez-Jordan
68,2013-11-23,Kathleen,Wright
69,2013-12-02,Melissa,Cox
70,2013-12-22,Ashley,Brown
71,2013-12-31,Greg,Roberts
72,2014-01-04,Nancy,Wood
73,2014-01-17,Brian,Green
74,2014-01-26,Ken,Adams
75,2014-02-08,Samantha,Parker
76,2014-02-09,Carol,Collins
77,2014-02-15,Shirley,Roberts
78,2014-02-16,Brian,Gray
79,2014-02-20,Joseph,Peterson
80,2014-02-25,Nicole,Harris
81,2014-02-26,Amy,Ramirez
82,2014-03-08,Andrew,Morris-Bryant
83,2014-03-14,Pam,Bell
84,2014-03-31,Timothy,Hill
85,2014-04-02,David,Diaz
86,2014-04-13,Donna,Jenkins
87,2014-04-14,Daniel,Adams
88,2014-04-25,Jacob,Brooks
89,2014-04-26,Stephanie,Jones
90,2014-04-29,Jason,Gonzalez
91,2014-05-10,Eric,Cook
92,2014-05-13,Sandra,Nguyen
93,2014-05-16,Jack,Taylor
94,2014-05-20,Matthew,James
95,2014-05-23,Beth,Bell-Chavez
96,2014-06-05,Richard,Diaz
97,2014-06-08,Amy,Cruz
98,2014-06-08,Beth,Clark
99,2014-06-08,Patrick,Martin
100,2014-06-18,Scott,Hughes-Hamilton
101,2014-06-27,Kathleen,Gray
102,2014-06-30,Jessica,Hughes
103,2014-07-09,Karen,Lewis
104,2014-07-22,Katherine,Myers
105,2014-07-30,Jennifer,Campbell
106,2014-08-05,Rebecca,Rogers
107,2014-08-06,Timothy,Campbell
108,2014-08-07,Nicole,Gomez
109,2014-08-12,Timothy,Baker
110,2014-08-12,Gary,Anderson
111,2014-08-17,Mary,Williams
112,2014-08-19,Larry,Brooks
113,2014-08-25,Melissa,Anderson
114,2014-08-26,Brenda,Barnes
115,2014-08-28,Benjamin,Gutierrez
116,2014-08-30,Helen,Reyes
117,2014-09-11,Bill,Morris
118,2014-09-15,George,Gutierrez
119,2014-09-19,Jason,Perez
120,2014-09-28,Barbara,Price
121,2014-09-28,Jonathan,Moore
122,2014-10-04,Christopher,Carter
123,2014-10-05,Stephanie,Fisher
124,2014-10-07,Katherine,Cruz
125,2014-10-07,Jack,Lee
126,2014-10-30,Beth,Lee
127,2014-11-03,Kim,Gutierrez Hamilton
128,2014-11-11,Karen,Ross
129,2014-11-23,Barbara,Young
130,2014-11-24,Samuel,Collins
131,2014-11-26,Richard,Foster-Coleman
132,2014-11-30,Donald,Gray Gibson
133,2014-12-06,Janet,Powell-Jordan
134,2014-12-07,Donna,Myers
135,2014-12-08,Anna,Bailey
136,2014-12-12,Amy,Ortiz
137,2014-12-21,Ken,Sullivan-Gibson
138,2014-12-22,Dorothy,Wright-Simmons
139,2014-12-25,Shirley,Campbell
140,2014-12-30,Debra,Reed
141,2015-01-02,Kim,Smith-Coleman
142,2015-01-03,Christopher,Hall-Graham
143,2015-01-10,Donald,Hill
144,2015-01-10,Amanda,Walker
145,2015-01-20,Bill,Edwards
146,2015-02-01,Stephen,Diaz
147,2015-02-05,Melissa,Ward
148,2015-02-14,Jonathan,Davis
149,2015-02-18,Greg,Clark
150,2015-02-23,Laura,Ortiz
151,2015-03-09,Jack,Russell
152,2015-03-16,Susan,Price
153,2015-03-17,Brenda,Bell-Gonzales
154,2015-03-17,Paul,Martinez
155,2015-03-21,Christopher,Adams Patterson
156,2015-03-23,Brian,Hill
157,2015-03-31,Donna,Taylor
158,2015-04-08,Kim,Butler
159,2015-04-08,Cynthia,Hernandez
160,2015-04-21,Katherine,Russell-Alexander
161,2015-04-25,Melissa,Jones
162,2015-05-12,Steven,Stewart
163,2015-05-30,Donna,Flores
164,2015-06-02,Kathleen,Lee
165,2015-06-02,Patrick,Young
166,2015-06-10,Susan,Perry
167,2015-06-14,Carol,Sanchez
168,2015-06-15,Kevin,Lewis
169,2015-06-16,Christopher,Reyes
170,2015-06-18,Greg,Cox
171,2015-06-22,Richard,Perry
172,2015-06-29,David,Price
173,2015-06-30,Timothy,James
174,2015-07-05,Beth,Young
175,2015-07-05,Anthony,Jackson
176,2015-07-08,Robert,Rivera
177,2015-07-13,Sharon,Cruz
178,2015-07-17,Ruth,Williams
179,2015-07-19,Angela,Walker
180,2015-07-24,Deborah,Cruz
181,2015-07-25,Timothy,Rodriguez
182,2015-08-07,Sharon,Richardson
183,2015-08-08,Jeffrey,Rogers
184,2015-08-09,Nancy,Gonzalez
185,2015-08-10,Catherine,Taylor
186,2015-08-10,Rachel,Morales
187,2015-08-13,Pam,Jackson
188,2015-08-16,Kim,Nelson
189,2015-08-19,Pam,Nelson
190,2015-08-24,Patrick,Wright
191,2015-08-27,Carol,Ramirez
192,2015-08-30,Edward,Bell Ramos
193,2015-08-30,Dennis,Collins
194,2015-09-10,Jason,Powell
195,2015-09-15,Alexander,Butler
196,2015-09-24,Nicholas,Edwards
197,2015-09-26,Patrick,Flores
198,2015-10-14,Helen,Miller
199,2015-10-15,Susan,Hall
200,2015-10-19,Emma,Flores-Graham
201,2015-10-22,Betty,Gomez
202,2015-10-23,Brenda,Nguyen
203,2015-10-30,Ken,Stewart-Chavez
204,2015-11-01,Lisa,Cox
205,2015-11-04,Patrick,Walker
206,2015-11-06,Nicole,Diaz
207,2015-11-10,Michael,Reed
208,2015-11-10,Samantha,Watson
209,2015-11-17,Carol,Wright
210,2015-11-18,Ken,Baker
211,2015-11-18,Rachel,Brooks-Hamilton
212,2015-11-19,Jonathan,Ramirez
213,2015-11-19,Angela,Diaz
214,2015-11-23,Nicole,Price
215,2015-11-24,Kim,Perry
216,2015-11-27,Kim,Reyes
217,2015-12-01,Ronald,Evans
218,2015-12-01,Alexander,Sanchez
219,2015-12-02,George,Miller
220,2015-12-04,Christopher,Clark
221,2015-12-05,Nicholas,Peterson-Cole
222,2015-12-15,Donna,Wright Bryant
223,2015-12-24,Nancy,James
224,2015-12-24,Robert,Thompson
225,2015-12-29,Carol,Perry
226,2016-01-03,Bill,Parker
227,2016-01-10,Michelle,Smith
228,2016-01-22,Jeffrey,Collins-Cole
229,2016-01-24,Patricia,Perry
230,2016-01-25,Emily,Carter
231,2016-01-29,Jack,Miller
232,2016-01-29,Samuel,Brown
233,2016-01-31,Amanda,Cruz
234,2016-02-01,Matthew,White-Griffin
235,2016-02-03,Beth,Peterson
236,2016-02-04,Pam,Nguyen
237,2016-02-06,Jennifer,Collins
238,2016-02-13,Brian,Lee-West
239,2016-02-19,Shirley,Rodriguez
240,2016-02-21,Bill,Garcia
241,2016-02-21,Lisa,Diaz
242,2016-03-01,David,Howard
243,2016-03-02,Brenda,Rivera
244,2016-03-08,Patricia,Martinez
245,2016-03-09,Christopher,Richardson
246,2016-03-12,Jacob,Murphy
247,2016-03-12,Carol,Long
248,2016-03-14,Christopher,Torres
249,2016-03-14,Sarah,Morris
250,2016-03-16,Ryan,Garcia
251,2016-03-25,Richard,Bennett
252,2016-03-25,Ken,Robinson
253,2016-03-27,Paul,Fisher
254,2016-04-02,Frank,Lopez
255,2016-04-02,Pam,Powell
256,2016-04-05,Brenda,Diaz
257,2016-04-06,Edward,Ross
258,2016-04-09,Beth,Gutierrez Griffin
259,2016-04-18,Steven,Flores
260,2016-04-20,Ken,Carter
261,2016-04-27,Sarah,Collins
262,2016-04-29,Mark,Price
263,2016-04-29,Timothy,Kelly
264,2016-04-30,David,Jones
265,2016-04-30,Michelle,Reyes
266,2016-05-01,Nicholas,Anderson
267,2016-05-04,Scott,Morales
268,2016-05-07,Greg,Russell Jordan
269,2016-05-07,Ruth,Jenkins
270,2016-05-13,Jason,Martin
271,2016-05-15,Thomas,Murphy
272,2016-05-28,Susan,White Wallace
273,2016-05-29,Emma,Allen
274,2016-05-29,Matthew,Thompson
275,2016-06-02,Greg,Carter
276,2016-06-06,Angela,Ortiz-Patterson
277,2016-06-07,Carol,Johnson
278,2016-06-12,Ken,Perez-Ramos
279,2016-06-13,Patrick,Martinez
280,2016-06-16,Kim,Moore
281,2016-06-22,Paul,Cooper-Kim
282,2016-06-22,Kim,Perez Griffin
283,2016-06-27,Sandra,Rodriguez-Chavez
284,2016-07-01,Daniel,Murphy
285,2016-07-04,Emily,Cruz
286,2016-07-04,Beth,Butler
287,2016-07-05,Frank,Richardson
288,2016-07-11,Kim,Hernandez
289,2016-07-11,Jeffrey,Morales
290,2016-07-12,Timothy,Roberts Alexander
291,2016-07-14,Timothy,Collins
292,2016-07-17,Raymond,Sanders
293,2016-07-19,Jack,Brown
294,2016-07-19,Greg,Hall
295,2016-07-21,Susan,Wright
296,2016-07-22,Greg,Gutierrez
297,2016-07-24,Beth,Martin Hayes
298,2016-07-25,Larry,Walker
299,2016-07-25,Andrew,Howard
300,2016-07-26,Kim,Lee
301,2016-07-28,Patricia,Howard
302,2016-07-31,Jacob,Fisher Graham
303,2016-08-05,Stephanie,Richardson
304,2016-08-07,Janet,Price
305,2016-08-08,Ken,Butler Hayes
306,2016-08-09,Timothy,Clark-Henderson
307,2016-08-11,Greg,Garcia
308,2016-08-14,Christopher,Foster
309,2016-08-18,Andrew,Scott
310,2016-08-20,Pam,Morales
311,2016-08-21,Ken,Smith Wallace
312,2016-08-22,Richard,Jenkins
313,2016-08-24,Pam,Richardson
314,2016-08-25,Nicholas,Fisher
315,2016-08-28,Timothy,Wilson
316,2016-08-30,Andrew,Cruz
317,2016-09-03,Nancy,Phillips
318,2016-09-04,John,Sullivan
319,2016-09-08,Gary,Baker
320,2016-09-09,Kim,Brown
321,2016-09-10,Ryan,Perry
322,2016-09-10,Kathleen,Torres
323,2016-09-11,Rebecca,Bell
324,2016-09-11,Stephen,Myers
325,2016-09-13,Kim,Peterson
326,2016-09-13,Brandon,Reyes-Simmons
327,2016-09-15,Stephanie,Morales
328,2016-09-16,Debra,Perry
329,2016-09-20,Bill,Perry
330,2016-09-23,Emma,Wilson-Gibson
331,2016-09-26,Ryan,Ramirez
332,2016-09-27,Debra,Gomez Chavez
333,2016-10-02,Cynthia,Perry
334,2016-10-03,Margaret,Cook Patterson
335,2016-10-03,Donna,Morales
336,2016-10-05,Donald,Barnes
337,2016-10-06,Carolyn,Gray
338,2016-10-08,George,Anderson
339,2016-10-10,Greg,Phillips Hamilton
340,2016-10-10,Bill,Lopez
341,2016-10-14,Kim,Foster
342,2016-10-17,Rebecca,Collins
343,2016-10-18,Pam,Perry
344,2016-10-19,Paul,Ward Gonzales
345,2016-10-21,Christopher,Phillips-Coleman
346,2016-10-27,Michelle,Kelly
347,2016-11-03,Jessica,Harris
348,2016-11-03,Greg,Thomas
349,2016-11-06,Jacob,Collins
350,2016-11-09,Scott,Smith
351,2016-11-10,Ken,Green
352,2016-11-16,Matthew,Ross
353,2016-11-16,Beth,Morales
354,2016-11-19,Beth,Stewart West
355,2016-11-21,Ruth,Scott
356,2016-11-24,Donna,Gray
357,2016-11-27,Daniel,Richardson
358,2016-11-28,Kathleen,Moore
359,2016-11-28,Rebecca,Campbell
360,2016-11-28,Carol,Ross
361,2016-12-10,Kim,Miller
362,2016-12-11,Matthew,Myers
363,2016-12-12,Greg,Sanders-Reynolds
364,2016-12-15,Beth,Carter Gonzales
365,2016-12-16,Charles,Jenkins
366,2016-12-18,Sarah,Nguyen-Reynolds
367,2016-12-18,Richard,Bell
368,2016-12-19,David,Edwards
369,2016-12-22,David,Powell
370,2016-12-25,Angela,Adams
371,2016-12-27,Laura,Morales
372,2016-12-28,Betty,Collins
373,2016-12-29,Pam,Reed Kim
374,2017-01-01,Benjamin,Torres
375,2017-01-01,Timothy,Ward
376,2017-01-08,Jessica,Myers
377,2017-01-15,Daniel,Morris-Griffin
378,2017-01-16,Christopher,Green
379,2017-01-17,Jacob,Mitchell Coleman
380,2017-01-19,Susan,Ross-Reynolds
381,2017-01-22,Emma,Wright
382,2017-01-22,Justin,Lopez
383,2017-01-27,Catherine,Johnson
384,2017-01-27,Amanda,Baker
385,2017-01-30,Ronald,Young Jordan
386,2017-02-01,Karen,Young
387,2017-02-06,Deborah,Collins Chavez
388,2017-02-07,Samantha,Bennett
389,2017-02-09,Daniel,Hernandez
390,2017-02-11,Joseph,Ross
391,2017-02-11,Brian,Reed Ramos
392,2017-02-14,Mark,Williams
393,2017-02-16,Joseph,Fisher
394,2017-02-20,Jessica,Brown
395,2017-02-21,Jerry,Wilson
396,2017-02-22,Jack,Davis
397,2017-02-25,Sharon,Ortiz
398,2017-02-28,Christine,Allen-Jordan
399,2017-03-02,Katherine,Murphy
400,2017-03-03,Nancy,Mitchell-Jordan
401,2017-03-04,Beth,Reyes
402,2017-03-06,Margaret,Phillips
403,2017-03-20,Jason,Wood
404,2017-03-21,Rachel,Parker
405,2017-03-27,Virginia,Wright
406,2017-03-31,Kevin,Green
407,2017-04-01,David,Johnson
408,2017-04-03,Samantha,Mitchell
409,2017-04-04,Gary,Gutierrez
410,2017-04-04,Sarah,Butler
411,2017-04-04,Kim,Anderson
412,2017-04-05,Emma,Torres
413,2017-04-06,Stephen,Hill
414,2017-04-07,Karen,Watson
415,2017-04-08,Jack,Campbell
416,2017-04-13,Greg,Bailey
417,2017-04-14,Steven,Gutierrez
418,2017-04-14,Emily,Gray
419,2017-04-16,Patricia,Ortiz
420,2017-04-18,Carolyn,Sanchez
421,2017-04-20,Ken,Morgan-Henderson
422,2017-04-23,Timothy,Jackson
423,2017-04-23,Carolyn,Scott
424,2017-04-24,Joseph,Butler
425,2017-04-29,Carol,Lee Bryant
426,2017-04-30,Christopher,Martin
427,2017-04-30,Katherine,Gonzalez
428,2017-05-03,Sarah,Harris-Ramos
429,2017-05-04,Benjamin,White
430,2017-05-11,Margaret,Hernandez
431,2017-05-14,Christopher,White
432,2017-05-14,Kevin,Reed
433,2017-05-14,Nancy,Ward-Ramos
434,2017-05-17,Sarah,Miller
435,2017-05-17,Michael,Garcia
436,2017-05-19,Nicholas,Torres
437,2017-05-21,Jason,Howard
438,2017-05-22,Nancy,Carter
439,2017-05-23,Christopher,Garcia-Ramos
440,2017-05-25,Stephen,Campbell
441,2017-05-27,Emily,Cook
442,2017-05-28,Deborah,Scott
443,2017-05-30,Carolyn,Cruz
444,2017-05-30,Donald,Rogers
445,2017-06-01,Amy,Hernandez
446,2017-06-03,Mary,Miller
447,2017-06-06,Scott,Young
448,2017-06-06,Ken,Ward
449,2017-06-07,Jerry,Gonzalez
450,2017-06-08,Thomas,Perry
451,2017-06-08,Paul,James
452,2017-06-09,Stephanie,Perez
453,2017-06-09,Timothy,Harris
454,2017-06-11,Stephanie,Campbell
455,2017-06-12,Jerry,Gomez
456,2017-06-15,Christopher,Sullivan
457,2017-06-19,Katherine,Bennett
458,2017-06-21,Helen,Jackson-Chavez
459,2017-06-22,Bill,Carter
460,2017-06-23,Christopher,Murphy
461,2017-06-25,Beth,Taylor
462,2017-06-26,Jerry,Sullivan
463,2017-06-26,Helen,Sanders
464,2017-06-27,Catherine,Reyes
465,2017-06-28,Richard,Long
466,2017-07-03,Brandon,Wright
467,2017-07-10,Eric,Carter-Jordan
468,2017-07-11,Eric,Perry Ramos
469,2017-07-12,Katherine,Bailey
470,2017-07-15,Anthony,Robinson-Cole
471,2017-07-16,Robert,Long
472,2017-07-18,Virginia,James
473,2017-07-20,Raymond,Moore
474,2017-07-21,Rebecca,Perez
475,2017-07-22,George,James Graham
476,2017-07-22,Pam,Lopez
477,2017-07-23,Ruth,Martin
478,2017-07-25,Mary,Ortiz
479,2017-07-26,Christopher,Flores
480,2017-07-28,Katherine,Hall
481,2017-07-31,Kim,Barnes
482,2017-07-31,Timothy,Hughes
483,2017-07-31,Benjamin,Smith
484,2017-08-02,Kim,Rodriguez
485,2017-08-03,Dorothy,Rivera
486,2017-08-05,Samantha,Thompson
487,2017-08-07,Jack,Gonzalez Alexander
488,2017-08-13,Lisa,Hill
489,2017-08-14,Melissa,Wood
490,2017-08-17,Laura,Phillips
491,2017-08-17,Donna,Roberts
492,2017-08-20,Beth,Jones
493,2017-08-21,Ruth,Davis
494,2017-08-22,Melissa,Wilson
495,2017-08-22,James,Powell
496,2017-08-24,Lisa,Price
497,2017-08-24,Sandra,Williams
498,2017-08-31,Greg,Thompson
499,2017-09-04,Joshua,Morris
500,2017-09-05,Angela,Stewart
501,2017-09-08,Samantha,Adams
502,2017-09-08,Daniel,Martinez
503,2017-09-10,Susan,Williams
504,2017-09-12,Emma,Phillips
505,2017-09-12,Margaret,Hughes Gibson
506,2017-09-14,Gary,Taylor
507,2017-09-14,Kevin,Roberts
508,2017-09-15,Dorothy,Moore
509,2017-09-15,Thomas,Nelson
510,2017-09-15,Emily,Rodriguez-Alexander
511,2017-09-16,Charles,Sanders
512,2017-09-18,Kathleen,Reed
513,2017-09-18,Ken,Rodriguez
514,2017-09-21,Margaret,Price
515,2017-09-24,Daniel,Martin
516,2017-09-28,Emma,Watson
517,2017-09-30,Ashley,Nguyen
518,2017-10-02,Ronald,Johnson
519,2017-10-03,Bill,Cruz
520,2017-10-04,Richard,Wood
521,2017-10-07,Andrew,Collins
522,2017-10-09,Gary,Roberts
523,2017-10-10,Katherine,Wright
524,2017-10-11,Alexander,Kelly
525,2017-10-12,Catherine,Cook
526,2017-10-12,Andrew,James
527,2017-10-13,George,Cox
528,2017-10-15,Linda,Wood
529,2017-10-17,Ryan,Howard
530,2017-10-17,Pam,Ramirez-Chavez
531,2017-10-17,John,Ramirez
532,2017-10-17,James,Anderson-Reynolds
533,2017-10-18,Joshua,James
534,2017-10-19,Angela,Brooks
535,2017-10-19,Alexander,Sanders
536,2017-10-20,George,Nelson
537,2017-10-22,Christopher,Stewart Jordan
538,2017-10-23,John,Taylor
539,2017-10-27,Cynthia,Allen
540,2017-10-31,Christopher,Cook
541,2017-11-04,Ronald,Lewis
542,2017-11-09,Pam,Cooper
543,2017-11-10,Helen,Wilson Hamilton
544,2017-11-10,Beth,Hughes
545,2017-11-13,Shirley,Rivera-Griffin
546,2017-11-14,Greg,Sanchez
547,2017-11-16,Charles,Barnes
548,2017-11-17,Dennis,Reed
549,2017-11-17,Pam,Allen-Hayes
550,2017-11-18,Brian,Rogers West
551,2017-11-19,Betty,Butler
552,2017-11-19,Timothy,Jones
553,2017-11-19,Daniel,Watson
554,2017-11-20,Linda,Rodriguez
555,2017-11-26,Kevin,Howard
556,2017-11-26,Amanda,Jones
557,2017-11-27,Raymond,Adams
558,2017-11-28,Joshua,Moore
559,2017-11-28,Margaret,Thompson
560,2017-11-29,Dorothy,Diaz
561,2017-12-01,Greg,Gray
562,2017-12-01,Alexander,Wood
563,2017-12-10,Michael,Robinson
564,2017-12-11,Emily,Gutierrez
565,2017-12-12,Amanda,Peterson
566,2017-12-13,Sarah,Rivera
567,2017-12-13,Ronald,Powell Chavez
568,2017-12-15,Bill,Thompson
569,2017-12-17,Jerry,Stewart
570,2017-12-17,Patricia,Scott
571,2017-12-21,Ashley,Anderson
572,2017-12-22,Eric,Kelly
573,2017-12-24,Nicole,Morales
574,2017-12-25,Charles,Lopez
575,2017-12-27,Samantha,Harris
576,2017-12-29,Carol,Young
577,2018-01-04,Sarah,Thompson
578,2018-01-05,Margaret,James
579,2018-01-06,Daniel,Parker
580,2018-01-13,Beth,Perez
581,2018-01-15,Timothy,Robinson
582,2018-01-15,Christopher,Martinez-Coleman
583,2018-01-16,Joshua,Nguyen
584,2018-01-16,Ken,Foster West
585,2018-01-17,James,Long
586,2018-01-19,Ronald,Rogers
587,2018-01-20,Stephen,Miller
588,2018-01-20,Rebecca,Richardson
589,2018-01-22,Janet,Foster
590,2018-01-24,Katherine,Turner
591,2018-01-24,Janet,Reyes
592,2018-01-25,Jeffrey,Hughes
593,2018-01-26,Cynthia,Anderson
594,2018-01-26,Greg,Baker-Jordan
595,2018-01-28,Greg,Ortiz-Graham
596,2018-01-29,Emma,Thomas
597,2018-01-29,Betty,Moore
598,2018-01-30,Jeffrey,Ortiz
599,2018-01-31,Christine,Baker
600,2018-02-01,Thomas,Adams
601,2018-02-03,Scott,Hill-West
602,2018-02-03,Pam,Rivera
603,2018-02-03,Greg,Smith
604,2018-02-05,Donald,Mitchell
605,2018-02-06,Anna,Cook-Chavez
606,2018-02-08,Larry,Wood
607,2018-02-09,Ruth,Phillips
608,2018-02-09,Larry,Diaz
609,2018-02-10,Michael,Ortiz
610,2018-02-11,Amanda,Johnson
611,2018-02-13,Robert,Ross
612,2018-02-13,Carol,Reyes
613,2018-02-13,Edward,Clark
614,2018-02-17,Nicholas,Nelson
615,2018-02-17,Samuel,Myers
616,2018-02-18,Ken,Hill
617,2018-02-21,Kim,Young
618,2018-02-23,Beth,Jenkins Coleman
619,2018-02-27,David,Jackson
620,2018-03-01,Timothy,Morales
621,2018-03-02,Susan,Russell
622,2018-03-02,Michael,Barnes
623,2018-03-04,Matthew,Parker
624,2018-03-06,Angela,Barnes-Ramos
625,2018-03-08,Joseph,Clark Alexander
626,2018-03-08,Beth,Phillips
627,2018-03-09,Samuel,Lopez
628,2018-03-10,Amanda,Ramirez
629,2018-03-10,Rachel,White-Cole
630,2018-03-10,Daniel,James
631,2018-03-12,Cynthia,Cook
632,2018-03-12,Jacob,Evans
633,2018-03-23,Thomas,Rivera
634,2018-03-30,Patrick,Roberts
635,2018-04-01,Daniel,Edwards
636,2018-04-01,Lisa,Sanders
637,2018-04-02,Kevin,Phillips
638,2018-04-03,Katherine,Reed
639,2018-04-05,David,Hughes
640,2018-04-06,Nancy,Harris
641,2018-04-07,Michelle,Anderson
642,2018-04-09,Richard,Thomas
643,2018-04-09,Jack,Gutierrez
644,2018-04-11,David,Jenkins
645,2018-04-11,Stephanie,Cruz
646,2018-04-16,Debra,Brooks-Hayes
647,2018-04-17,Katherine,Smith
648,2018-04-18,Bill,Sanchez
649,2018-04-24,Andrew,Campbell
650,2018-04-24,Stephen,Phillips
651,2018-04-29,Greg,Perry
652,2018-04-30,Michelle,White
653,2018-05-05,Ryan,Gonzalez
654,2018-05-07,Andrew,Rivera
655,2018-05-08,Stephanie,Evans
656,2018-05-11,Daniel,Jenkins
657,2018-05-13,Robert,Lee
658,2018-05-13,Kim,Hall
659,2018-05-14,James,Ramirez
660,2018-05-17,Sandra,Harris
661,2018-05-19,Matthew,Hernandez
662,2018-05-22,Amanda,Williams
663,2018-05-23,Melissa,Evans Cole
664,2018-05-23,Larry,Collins
665,2018-05-24,Virginia,Morgan
666,2018-05-24,Debra,Hall
667,2018-05-25,Gary,Cook
668,2018-05-29,Carolyn,Sanders
669,2018-05-29,Ryan,Murphy
670,2018-05-30,Lisa,Edwards
671,2018-05-31,Karen,Phillips
672,2018-06-01,Brian,Jones
673,2018-06-05,Samantha,Robinson-Kim
674,2018-06-06,Christopher,Hughes Griffin
675,2018-06-08,Ken,Rivera
676,2018-06-08,Katherine,Thompson
677,2018-06-13,Dorothy,Campbell
678,2018-06-17,Frank,Davis
679,2018-06-21,Timothy,Bell
680,2018-06-29,Ken,Campbell
681,2018-07-02,Brian,Mitchell
682,2018-07-02,Timothy,Barnes
683,2018-07-04,Rachel,Thomas
684,2018-07-05,Kim,Ortiz
685,2018-07-06,Jeffrey,Baker Kim
686,2018-07-08,Alexander,Walker
687,2018-07-09,Anthony,Gutierrez
688,2018-07-11,Susan,Campbell
689,2018-07-13,Michael,Taylor
690,2018-07-13,Kim,Walker
691,2018-07-14,Alexander,Collins
692,2018-07-14,Thomas,White
693,2018-07-16,Ryan,Nguyen
694,2018-07-17,Kim,Sullivan
695,2018-07-22,Beth,Wright
696,2018-07-23,Lisa,Bell
697,2018-07-25,Sarah,Foster
698,2018-07-26,Jerry,King
699,2018-08-01,Nicholas,Wood
700,2018-08-09,Katherine,Evans
701,2018-08-13,Patrick,Richardson
702,2018-08-15,Stephen,Perry
703,2018-08-18,Nancy,Hill
704,2018-08-19,Sandra,Ramirez
705,2018-08-19,Jeffrey,Scott
706,2018-08-23,Linda,Evans
707,2018-08-24,Bill,Green
708,2018-08-26,Scott,Martinez
709,2018-08-27,Kathleen,Hill
710,2018-09-03,Frank,Morales Hayes
711,2018-09-06,Timothy,Flores
712,2018-09-12,Bill,Rogers
713,2018-09-20,Beth,Mitchell
714,2018-09-28,Brian,Johnson-Griffin
715,2018-10-07,Nancy,Stewart
716,2018-10-07,Anna,Jones
717,2018-10-07,Sharon,Ward
718,2018-10-10,Brenda,Hill Chavez
719,2018-10-13,Robert,Wood Graham
720,2018-10-14,Karen,Wood
721,2018-10-14,Brenda,Hughes
722,2018-10-15,Kevin,Murphy
723,2018-10-17,Angela,Torres
724,2018-10-24,Catherine,Perry
725,2018-10-26,Stephanie,Murphy
726,2018-10-28,Ashley,Powell
727,2018-10-30,Carolyn,Hernandez-Gibson
728,2018-10-30,Christine,Gray
729,2018-10-31,Karen,Ortiz
730,2018-11-02,Larry,Reed
731,2018-11-11,Virginia,Young
732,2018-11-11,Daniel,Roberts
733,2018-11-12,Larry,Murphy
734,2018-11-15,Samuel,Adams Henderson
735,2018-11-19,Stephanie,Cook
736,2018-11-19,Bill,White
737,2018-11-20,Linda,Foster
738,2018-11-20,Dennis,White
739,2018-11-21,Janet,Watson
740,2018-11-22,Virginia,Flores
741,2018-11-23,Nicole,Lopez
742,2018-11-23,Carolyn,Walker
743,2018-11-24,Karen,Reyes
744,2018-11-28,John,Jones
745,2018-11-28,Katherine,Harris
746,2018-11-30,Dorothy,Lopez
747,2018-12-05,David,Miller
748,2018-12-06,Laura,Anderson
749,2018-12-08,Stephanie,Sullivan
750,2018-12-14,Jeffrey,Martinez
751,2018-12-15,Sarah,Rogers
752,2018-12-17,Jeffrey,Miller
753,2018-12-18,Katherine,Torres
754,2018-12-21,Dennis,Wood
755,2018-12-23,Laura,Diaz
756,2018-12-23,Rachel,Moore
757,2018-12-24,Charles,Cox
758,2018-12-24,Ken,Martinez
759,2018-12-25,Larry,James
760,2018-12-25,Rebecca,Evans
761,2018-12-27,Sarah,Murphy
762,2018-12-27,Thomas,Long
763,2018-12-31,Sharon,Ramirez Henderson
764,2019-01-02,Catherine,Williams
765,2019-01-06,Samuel,Bell
766,2019-01-09,Catherine,Sanders
767,2019-01-21,Charles,Flores
768,2019-01-24,Thomas,King
769,2019-01-24,Beth,Morgan
770,2019-01-29,Dorothy,Barnes
771,2019-02-05,Daniel,Diaz
772,2019-02-06,Deborah,Rivera
773,2019-02-09,Jessica,Clark
774,2019-02-13,Angela,Morgan
775,2019-02-14,Virginia,Rodriguez-Simmons
776,2019-02-17,Nicole,Gutierrez Gonzales
777,2019-02-21,Thomas,Bennett
778,2019-02-28,Justin,Morgan
779,2019-03-05,Ken,Edwards
780,2019-03-05,Karen,Scott
781,2019-03-05,Nicole,Long
782,2019-03-09,Sandra,Fisher Simmons
783,2019-03-13,Timothy,Sanders-Bryant
784,2019-03-18,Beth,Ward
785,2019-03-21,Christopher,Cooper
786,2019-03-22,Sandra,Edwards Bryant
787,2019-03-24,Jerry,Harris
788,2019-03-24,Rachel,Howard
789,2019-03-27,Jonathan,Long Hamilton
790,2019-03-29,Ryan,Barnes
791,2019-04-01,Jessica,Price
792,2019-04-02,Mary,Thompson-Jordan
793,2019-04-02,Patrick,Watson
794,2019-04-07,Samantha,Hall
795,2019-04-10,Frank,Kelly
796,2019-04-14,Beth,Wood
797,2019-04-19,Michelle,Turner
798,2019-04-22,Margaret,Bell
799,2019-04-24,Timothy,Morris
800,2019-04-25,Barbara,Ross
801,2019-04-25,James,Gomez
802,2019-04-26,Susan,Reyes
803,2019-04-27,Laura,Campbell
804,2019-05-01,Patrick,Moore
805,2019-05-03,Laura,Turner
806,2019-05-05,Justin,Moore
807,2019-05-07,Brian,Richardson
808,2019-05-11,David,Baker
809,2019-05-12,Deborah,Sullivan-Gonzales
810,2019-05-13,Timothy,Hall
811,2019-05-13,Amanda,Jenkins
812,2019-05-14,Patrick,Green
813,2019-05-24,Anthony,Ortiz
814,2019-05-27,Samantha,Lewis
815,2019-05-28,Virginia,Nguyen
816,2019-05-28,Janet,Jackson
817,2019-05-29,Shirley,Foster
818,2019-05-29,Pam,Torres
819,2019-05-30,Jacob,Long
820,2019-06-01,Nicole,Evans
821,2019-06-09,Robert,Gray
822,2019-06-13,Amy,Hall
823,2019-06-13,Samuel,Williams
824,2019-06-20,Alexander,Rivera
825,2019-06-24,Cynthia,Morris
826,2019-06-25,Beth,Brown
827,2019-06-30,Emma,Reed
828,2019-07-02,Nicole,Moore-Kim
829,2019-07-03,Ken,Martin
830,2019-07-04,Charles,Gomez
831,2019-07-05,Frank,Rivera
832,2019-07-12,Ashley,Clark
833,2019-07-14,Samantha,Miller
834,2019-07-14,Steven,Evans
835,2019-07-19,Jennifer,Davis
836,2019-07-22,Thomas,Jackson
837,2019-07-23,Michael,Smith
838,2019-08-01,Nicholas,Watson
839,2019-08-03,Carolyn,Anderson
840,2019-08-04,Margaret,Walker
841,2019-08-09,Ruth,Russell-Ramos
842,2019-08-14,Bill,Perez
843,2019-08-15,Thomas,Gray
844,2019-08-17,Robert,Morris
845,2019-08-20,Susan,Adams
846,2019-08-25,Christine,Thompson
847,2019-08-25,Jonathan,Richardson
848,2019-08-26,Ronald,Nelson
849,2019-08-27,Emma,Cruz
850,2019-09-03,Kevin,Miller
851,2019-09-05,Katherine,Jenkins
852,2019-09-07,Susan,Sullivan
853,2019-09-14,Michelle,Torres
854,2019-09-15,Michelle,Sanders
855,2019-09-16,Joseph,Edwards
856,2019-09-18,Larry,Cruz
857,2019-09-19,Christine,Collins
858,2019-09-21,Michelle,Myers
859,2019-09-24,Ronald,Gutierrez
860,2019-09-26,Gary,James
861,2019-09-28,Donald,Moore
862,2019-09-29,Ronald,Carter-Gonzales
863,2019-10-02,Laura,Nguyen
864,2019-10-02,Mary,Brooks
865,2019-10-05,Bill,Reyes
866,2019-10-06,Steven,Sanders
867,2019-10-08,Samantha,Richardson
868,2019-10-09,Amy,Turner
869,2019-10-10,Rebecca,Moore
870,2019-10-18,Rebecca,Davis
871,2019-10-19,Debra,Foster
872,2019-10-27,Emma,Jones
873,2019-10-31,Bill,Smith
874,2019-11-11,Samuel,Clark-Gibson
875,2019-11-12,Ruth,Turner
876,2019-11-22,Dennis,Williams
877,2019-11-26,Brian,Evans
878,2019-11-28,Amanda,Thompson
879,2019-12-02,Thomas,Myers
880,2019-12-08,Katherine,White
881,2019-12-10,Dorothy,Nelson
882,2019-12-11,Mary,Watson
883,2019-12-13,Melissa,Myers
884,2019-12-13,Patricia,Roberts
885,2019-12-14,Virginia,Williams
886,2019-12-15,Alexander,Foster
887,2019-12-17,Jeffrey,Sanchez
888,2019-12-21,Melissa,Hernandez
889,2019-12-26,Alexander,Brown
890,2019-12-31,George,Wilson
891,2020-01-01,Samuel,Powell
892,2020-01-05,Katherine,Sanchez
893,2020-01-15,Dorothy,Hernandez
894,2020-01-15,Donna,Cox
895,2020-01-26,Rachel,Ramirez
896,2020-01-27,Sharon,Howard
897,2020-01-29,Deborah,Morales
898,2020-02-05,Stephanie,Martin-Bryant
899,2020-03-10,Samuel,Foster
900,2020-03-19,Mark,Johnson
