employee_id,hire_date,first_name,last_name,term_date
1496,2012-08-27,KATHERINE,BUTLER,2015-02-21
1715,2012-11-21,Pamela,Harris,2015-03-01
1721,2013-03-10,Gregory,Brown Alexander,2015-05-30
1266,2013-05-01,Scott,Lee,2015-12-26
1310,2013-05-12,Justin,Gonzales,2014-11-19
1039,2013-07-05,Kim,Hill,2016-03-22
1464,2013-07-06,Melissa,Hamilton,2016-02-19
1678,2013-07-21,Deborah,Evans,2015-06-23
1546,2013-08-09,Debra,Edwards,2016-02-08
1059,2013-08-18,David,Hamilton,2015-10-07
1114,2013-09-20,Chris,Rodriguez,2015-06-22
1519,2013-11-15,Elizabeth,Russell,2015-09-19
1933,2013-12-05,KATHERINE,HILL,2015-03-31
1123,2013-12-15,Christopher,Price-Chavez,2015-08-20
1589,2013-12-15,Carolyn,Green-Reynolds,2015-10-17
1632,2014-01-01,David,Gibson,2016-08-29
1290,2014-01-18,Kathy,Nguyen-Bryant,2016-05-18
1860,2014-01-18,Betty,Gonzalez Jordan,2016-06-10
1705,2014-02-09,Rachel,Torres,2016-10-18
1674,2014-02-15,Jack,Jenkins,2016-06-03
1318,2014-03-03,Amy,Ramirez,2016-10-09
1623,2014-03-11,Greg,Roberts,2015-11-16
1742,2014-04-01,Kenneth,Adams,2015-08-20
1796,2014-04-08,Kimberly,Wood,2016-07-14
1008,2014-04-11,David,Diaz,2016-12-24
1427,2014-05-05,Daniel,Adams,2015-05-16
1878,2014-05-10,Shirley,Roberts,2016-09-21
1255,2014-05-11,Nicole,Harris,2016-09-03
1335,2014-05-20,Pamela,Bell,2016-01-11
1094,2014-05-29,Andrew,Kim,2016-06-11
1173,2014-06-09,Sue,Hill,2016-06-04
1526,2014-06-11,Jason,Gonzalez,2015-12-28
1254,2014-06-23,Tim,Hill,2015-05-03
1981,2014-08-03,Elizabeth,Bell-Chavez,2016-06-10
1813,2014-08-06,Sandra,Nguyen,2016-01-06
1949,2014-08-13,Scott,Bryant,2017-04-20
1551,2014-08-23,KATHERINE,MYERS,2016-06-28
1511,2014-08-31,Beth,Clark,2016-04-29
1975,2014-09-06,Nicole,Gomez,2016-08-23
1927,2014-09-26,Tim,Campbell,2017-06-08
1085,2014-10-13,TIMOTHY,BAKER,2017-05-01
1135,2014-10-22,Melissa,Anderson,2017-05-22
1565,2014-10-26,Thomas,Garcia,2016-05-29
1330,2014-11-02,Jonathan,Moore,2015-04-02
1315,2014-11-03,Betty,Green,2016-08-04
1074,2014-11-25,Samuel,Collins,2015-10-23
1193,2014-11-27,Chris,Carter,2017-03-20
1823,2014-12-01,BILL,MORRIS,2016-02-28
1694,2014-12-02,Katherine,Cruz,2016-03-03
1146,2014-12-11,Jason,Hamilton,2017-09-03
1520,2014-12-13,Eric,Peterson,2015-05-08
1666,2014-12-16,Anna,Bailey,2017-02-21
1310,2014-12-20,Justin,Gomez Alexander,2017-08-18
1920,2014-12-22,Jack,Lee,2017-07-23
1456,2014-12-28,Kimberly,Gutierrez Hamilton,2017-03-15
1358,2014-12-29,Janet,Reynolds,2017-06-29
1691,2015-01-01,Ken,Sullivan-Gibson,2017-01-19
1617,2015-01-06,Donald,Gray-Gibson,2016-08-13
1725,2015-01-16,Richard,Foster Coleman,2016-12-12
1547,2015-01-21,DOROTHY,WRIGHT SIMMONS,2017-08-17
1750,2015-01-23,Beth,Lee,2016-03-15
1275,2015-02-09,Donald,Hill,2017-09-30
1302,2015-02-15,Angela,Morales,2017-09-25
1199,2015-02-22,William,Edwards,2016-11-17
1028,2015-03-02,Jack,Sanchez,2016-06-13
1437,2015-03-06,Donna,Wallace,2017-07-31
1644,2015-03-12,Kim,Smith-Coleman,2015-07-27
1702,2015-03-13,Melissa,Ward,2016-07-31
1890,2015-03-30,Chris,Hall-Graham,2017-05-28
1715,2015-04-02,Pam,Harris,2017-11-29
1572,2015-04-07,Paul,Martinez,2016-02-07
1394,2015-04-10,Chris,Adams Patterson,2017-05-22
1452,2015-04-15,Brenda,Bell Gonzales,2015-06-21
1244,2015-04-19,Gregory,Clark,2016-06-06
1568,2015-04-25,Jack,Russell,2017-08-29
1961,2015-04-26,Donna,Taylor,2017-07-20
1496,2015-04-30,Kathy,Butler,2017-09-04
1709,2015-05-15,Brian,Gibson,2017-06-22
1427,2015-05-28,Daniel,Adams,2017-08-22
1330,2015-06-05,Jonathan,Gibson,2017-08-09
1301,2015-06-07,SUSAN,PRICE,2018-01-13
1584,2015-06-09,Kimberly,Diaz,2017-06-18
1240,2015-06-24,KIM,BUTLER,2016-07-26
1246,2015-06-24,Cynthia,Hernandez,2016-11-13
1977,2015-06-28,Katherine,Russell-Alexander,2015-12-29
1139,2015-07-02,Catherine,White,2017-05-29
1933,2015-07-02,Kathy,Hill,2017-12-01
1202,2015-07-03,Richard,Perry,2017-05-09
1971,2015-07-03,Brian,Perez,2017-08-14
1295,2015-07-11,BETH,YOUNG,2016-11-16
1957,2015-07-12,SUSAN,PERRY,2017-12-10
1678,2015-07-22,Deborah,Evans,2017-10-10
1997,2015-07-23,Gregory,Cox,2016-09-19
1590,2015-07-27,Joseph,Martinez,2017-09-10
1436,2015-07-28,Robert,Rivera,2017-06-22
1169,2015-07-29,Angela,Walker,2017-10-16
1644,2015-08-04,KIMBERLY,SMITH-COLEMAN,2018-02-05
1254,2015-08-07,Timothy,Wallace,2017-08-02
1102,2015-08-08,Chris,Reyes,2017-07-09
1721,2015-08-11,Greg,Brown Alexander,2017-08-30
1520,2015-08-13,Eric,Peterson,2017-12-25
1200,2015-08-18,Sharon,Cruz,2016-09-01
1929,2015-08-31,Patrick,Wright,2018-05-07
1303,2015-09-01,Timothy,James,2017-07-29
1969,2015-09-03,Anthony,Jackson,2018-02-24
1780,2015-09-04,David,Price,2018-01-22
1002,2015-09-07,Kathleen,Williams,2018-04-30
1898,2015-09-09,Rachel,Morales,2017-10-03
1112,2015-09-11,Pam,Jackson,2016-05-09
1055,2015-09-14,DEBORAH,CRUZ,2018-06-08
1114,2015-09-18,CHRISTOPHER,RODRIGUEZ,2017-09-28
1277,2015-09-20,Nancy,Gonzalez,2018-05-26
1452,2015-09-20,Brenda,Graham,2017-12-13
1044,2015-09-23,Pamela,Nelson,2016-04-27
1629,2015-09-24,Edward,Bell Ramos,2017-10-02
1665,2015-09-24,Alexander,Butler,2017-12-04
1742,2015-09-25,KEN,ADAMS,2017-10-20
1797,2015-09-26,Charles,Young,2018-04-30
1403,2015-09-29,Tim,Rodriguez,2017-06-30
1964,2015-09-29,Jeffrey,Rogers,2017-07-10
1704,2015-10-02,Nicholas,Edwards,2017-10-28
1954,2015-10-02,Gregory,Cook,2017-07-22
1435,2015-10-07,Kimberly,Nelson,2016-02-15
1812,2015-10-09,Carol,West,2017-11-24
1123,2015-10-15,CHRIS,PRICE-CHAVEZ,2017-12-27
1586,2015-11-03,Patrick,Flores,2018-04-12
1608,2015-11-06,Jason,Powell,2018-01-28
1331,2015-11-21,Emma,Flores Graham,2017-09-05
1587,2015-11-21,Jonathan,Ramirez,2017-08-27
1059,2015-11-27,David,Robinson,2017-10-31
1471,2015-11-27,Robert,Hill,2018-07-22
1865,2015-11-27,Angela,Diaz,2017-11-28
1289,2015-11-28,Sue,Hall,2018-04-09
1320,2015-11-29,Kathy,Allen,2018-05-09
1563,2015-12-04,Brenda,Nguyen,2017-06-26
1589,2015-12-06,Carolyn,West,2017-06-25
1591,2015-12-06,Patrick,Gonzales,2018-05-30
1810,2015-12-06,Kenneth,Stewart-Chavez,2017-06-03
1519,2015-12-07,BETH,RUSSELL,2018-01-22
1361,2015-12-08,Kimberly,Reyes,2017-08-14
1636,2015-12-09,Christine,Butler,2018-08-05
1175,2015-12-17,Donna,Wright-Bryant,2018-06-12
1677,2015-12-20,Carol,Wright,2017-07-07
1623,2015-12-24,Gregory,Roberts,2017-08-13
1825,2015-12-24,Richard,Watson,2017-07-04
1615,2015-12-28,Lisa,Cox,2018-06-02
1935,2015-12-29,Nicholas,Peterson Cole,2016-07-15
1266,2016-01-01,Scott,Lee,2017-12-12
1760,2016-01-07,Alexander,Sanchez,2017-08-01
1905,2016-01-08,Mary,Bailey,2018-03-01
1031,2016-01-10,Nancy,James,2017-01-10
1526,2016-01-10,Jason,Gonzalez,2017-07-22
1977,2016-01-13,KATHY,RUSSELL-ALEXANDER,2018-09-29
1652,2016-01-14,Nicole,Price,2018-03-31
1836,2016-01-18,Rachel,Kim,2018-09-04
1552,2016-01-20,Nicole,Diaz,2017-10-13
1553,2016-01-25,Ken,Baker,2016-11-20
1816,2016-01-25,Samantha,Watson,2017-12-27
1959,2016-01-27,Robert,Thompson,2017-09-11
1074,2016-01-28,Samuel,Ramos,2018-03-12
1994,2016-01-28,John,Gomez,2018-08-12
1642,2016-01-31,Chris,Clark,2018-01-02
1056,2016-02-10,Raymond,Walker,2018-07-23
1298,2016-02-12,Kimberly,Perry,2017-07-28
1799,2016-02-14,George,Miller,2017-12-23
1548,2016-02-15,Matthew,Jordan,2018-03-27
1873,2016-02-18,SAMUEL,BROWN,2018-02-03
1464,2016-02-21,Melissa,Nguyen,2018-09-04
1036,2016-02-23,Michelle,Smith,2018-06-03
1533,2016-02-23,Lisa,Diaz,2018-07-09
1784,2016-02-24,Elizabeth,Peterson,2018-09-13
1758,2016-02-27,Jeffrey,Collins Cole,2018-03-24
1813,2016-02-29,Sandra,Chavez,2018-05-18
1703,2016-03-02,David,Howard,2018-07-14
1195,2016-03-09,CAROL,PERRY,2018-06-16
1939,2016-03-20,Brenda,Rivera,2018-04-28
1980,2016-03-22,William,Parker,2018-03-18
1693,2016-03-25,Amanda,Cruz,2017-08-18
1502,2016-03-29,Shirley,Rodriguez,2017-12-25
1876,2016-03-31,Patricia,Griffin,2018-01-21
1823,2016-04-01,William,Morris,2017-10-26
1316,2016-04-03,Chris,Torres,2018-02-10
1509,2016-04-09,CHRISTOPHER,RICHARDSON,2017-12-01
1003,2016-04-13,Richard,Bennett,2017-07-24
1766,2016-04-14,Patricia,Martinez,2017-01-05
1335,2016-04-18,PAM,BELL,2017-09-05
1521,2016-04-18,William,Garcia,2018-02-19
1881,2016-04-22,Ryan,Garcia,2017-11-01
1025,2016-04-25,BRIAN,LEE WEST,2018-12-25
1161,2016-04-26,Jacob,Gibson,2016-10-28
1572,2016-04-27,Paul,Martinez,2017-08-25
1546,2016-04-28,Debra,Edwards,2018-04-29
1899,2016-04-30,Pam,Nguyen,2018-10-05
1915,2016-04-30,Kenneth,Robinson,2018-11-15
1371,2016-05-02,David,Jones,2016-10-05
1804,2016-05-03,Pamela,Powell,2018-12-30
1409,2016-05-04,Frank,Lopez,2018-07-03
1664,2016-05-09,Edward,Ross,2018-08-04
1435,2016-05-12,Kim,Nelson,2018-09-23
1539,2016-05-12,Sarah,Morris,2018-05-01
1694,2016-05-13,Kathy,Cruz,2017-07-04
1626,2016-05-17,MARK,PRICE,2017-09-09
1018,2016-05-18,Linda,Stewart,2018-07-03
1286,2016-05-18,Steven,Flores,2018-02-17
1044,2016-05-21,Pam,Nelson,2018-07-22
1271,2016-05-30,Scott,Morales,2018-02-13
1846,2016-06-03,Matthew,Thompson,2017-12-18
1834,2016-06-05,Brenda,Diaz,2018-06-13
1039,2016-06-13,Kimberly,Hill,2017-09-23
1043,2016-06-13,Elizabeth,Gutierrez Griffin,2018-01-10
1429,2016-06-16,Greg,Russell Jordan,2019-01-31
1094,2016-06-18,Andrew,Morris Bryant,2018-04-14
1683,2016-06-18,Kenneth,Carter,2018-09-01
1707,2016-06-18,Tim,Kelly,2017-10-04
1674,2016-06-20,Jack,Jenkins,2018-07-04
1511,2016-06-21,Elizabeth,Clark,2017-12-14
1750,2016-06-21,Elizabeth,Lee,2017-09-18
1151,2016-06-23,Kenneth,Perez-Ramos,2018-10-21
1028,2016-06-24,Jack,Sanchez,2018-05-15
1478,2016-06-24,Paul,Fisher,2017-11-05
1355,2016-06-26,William,Brown,2017-12-04
1565,2016-06-27,Thomas,Garcia,2017-07-31
1173,2016-06-28,Susan,Hill,2018-08-31
1491,2016-06-29,Ruth,Jenkins,2019-01-26
1205,2016-07-02,Kathy,Rogers,2019-02-09
1418,2016-07-02,William,Sullivan,2017-12-30
1140,2016-07-03,JASON,MARTIN,2018-06-28
1244,2016-07-03,Greg,Ramos,2018-10-22
1609,2016-07-05,Sarah,Collins,2017-06-21
1551,2016-07-07,Kathy,Myers,2018-05-22
1860,2016-07-11,Betty,Patterson,2018-08-30
1583,2016-07-12,Patrick,Martinez,2019-03-19
1981,2016-07-14,Beth,Bell-Chavez,2019-03-19
1238,2016-07-15,Lisa,White,2019-01-08
1063,2016-07-16,Paul,Cooper Kim,2018-02-28
1290,2016-07-17,Katherine,Nguyen-Bryant,2017-12-22
1908,2016-07-17,SANDRA,RODRIGUEZ CHAVEZ,2018-11-11
1947,2016-07-17,Tim,Roberts Alexander,2018-02-20
1093,2016-07-19,Kimberly,Hernandez,2016-12-18
1648,2016-07-20,Matthew,Rivera,2017-08-28
1391,2016-07-21,Greg,Carter,2017-07-29
1026,2016-07-24,Susan,White Wallace,2016-12-17
1822,2016-07-24,Thomas,Murphy,2017-06-15
1217,2016-07-26,Kim,Moore,2017-12-24
1233,2016-07-26,Emily,Cruz,2018-04-27
1062,2016-08-02,Kimberly,Lee,2017-11-27
1611,2016-08-05,Daniel,Murphy,2018-05-21
1112,2016-08-07,Pamela,Jackson,2018-03-17
1134,2016-08-10,Kimberly,Perez Griffin,2017-09-04
1381,2016-08-14,Patricia,Howard,2018-10-23
1392,2016-08-17,Frank,Richardson,2018-06-04
1675,2016-08-17,Tim,Clark-Henderson,2018-01-09
1945,2016-08-19,Sue,Wright,2018-07-03
1459,2016-08-20,Tim,Collins,2018-04-17
1542,2016-08-20,Angela,Ortiz-Patterson,2019-02-21
1921,2016-08-21,Beth,Martin Hayes,2017-09-10
1805,2016-08-25,Beth,Butler,2018-09-24
1669,2016-08-27,Gregory,Hall,2018-09-28
1844,2016-08-27,Raymond,Sanders,2019-01-10
1264,2016-09-07,George,Nguyen,2017-09-01
1856,2016-09-07,Kimberly,Martin,2017-08-04
1083,2016-09-10,Gregory,Gutierrez,2017-02-14
1951,2016-09-14,Kimberly,Brown,2017-12-07
1845,2016-09-15,Stephanie,Richardson,2018-04-10
1200,2016-09-16,Sharon,Reynolds,2018-07-31
1103,2016-09-18,Jack,Brown,2018-06-07
1164,2016-09-21,Stephanie,Morales,2017-12-12
1902,2016-09-22,Nicholas,Fisher,2018-12-25
1167,2016-09-26,Larry,Walker,2019-04-28
1935,2016-09-26,Nicholas,Chavez,2019-02-17
2000,2016-09-26,Tim,Wilson,2018-01-16
1009,2016-09-28,John,Kim,2018-10-30
1634,2016-09-29,Andrew,Howard,2019-05-28
1076,2016-10-02,Gregory,Brooks,2017-06-24
1543,2016-10-02,Chris,Foster,2018-11-28
1879,2016-10-07,Pamela,Morales,2017-09-08
1882,2016-10-10,Andrew,Scott,2018-10-18
1793,2016-10-11,Janet,Price,2018-09-10
1315,2016-10-12,Betty,Green,2017-10-09
1240,2016-10-14,Kimberly,Butler,2018-09-10
1360,2016-10-15,Gregory,Garcia,2017-08-31
1574,2016-10-16,Kenneth,Butler Hayes,2018-03-14
1617,2016-10-17,Donald,Coleman,2019-03-09
1364,2016-10-20,MARGARET,COOK-PATTERSON,2017-07-04
1796,2016-10-20,Kim,Wood,2017-10-24
1790,2016-10-21,Ken,Smith Wallace,2017-07-20
1354,2016-10-23,Sandra,Bennett,2017-12-15
1681,2016-10-24,Jacob,Reynolds,2019-03-11
1702,2016-10-24,Melissa,Alexander,2018-06-14
1434,2016-10-25,Pam,Richardson,2017-07-03
1120,2016-10-26,Kimberly,Peterson,2018-08-23
1447,2016-10-27,Gregory,Phillips Hamilton,2018-04-25
1710,2016-10-27,Brandon,Jordan,2017-09-07
1255,2016-11-03,Nicole,Harris,2019-03-04
1975,2016-11-03,Nicole,Henderson,2019-06-14
1307,2016-11-04,Stephen,Myers,2019-04-30
1892,2016-11-05,Debra,Perry,2018-10-10
1705,2016-11-06,Rachel,Torres,2017-08-20
1525,2016-11-07,Richard,Jenkins,2017-10-08
1288,2016-11-08,Jessica,Harris,2019-05-03
1795,2016-11-08,PAUL,WARD-GONZALES,2017-07-07
1119,2016-11-11,BILL,PERRY,2018-07-02
1023,2016-11-15,Ryan,Ramirez,2019-05-12
1475,2016-11-15,Pam,Perry,2018-06-19
1377,2016-11-18,Nancy,Phillips,2017-10-02
1318,2016-11-19,Amy,Ramirez,2018-02-02
1632,2016-11-22,David,Stewart-Hamilton,2018-09-10
1054,2016-11-25,Rebecca,Bell,2018-11-08
1323,2016-11-26,Debra,Gomez Chavez,2019-02-16
1371,2016-11-29,David,West,2017-11-24
1553,2016-12-01,Kenneth,Baker,2018-05-30
1788,2016-12-02,Joseph,Cox,2017-11-03
1246,2016-12-05,Cynthia,Reynolds,2017-10-04
1393,2016-12-05,Rebecca,Collins,2018-09-13
1131,2016-12-06,Ryan,Perry,2017-08-08
1219,2016-12-06,Emma,Kim,2018-07-23
1579,2016-12-08,Gregory,Thomas,2018-09-08
1557,2016-12-09,Cynthia,Perry,2018-06-27
1997,2016-12-10,Greg,Cox,2018-10-26
1878,2016-12-12,Shirley,Roberts,2018-04-12
1199,2016-12-13,Bill,Griffin,2018-06-21
1159,2016-12-16,Jack,Myers,2018-06-02
1523,2016-12-18,Donald,Barnes,2018-01-21
1312,2016-12-23,Beth,Stewart West,2018-02-25
1794,2016-12-24,Kim,Foster,2017-07-30
1809,2016-12-24,Elizabeth,Morales,2017-07-02
1549,2016-12-26,Kenneth,Green,2019-03-08
1295,2016-12-27,Elizabeth,Young,2018-09-23
1161,2016-12-31,Jacob,Murphy,2017-11-20
1287,2016-12-31,Carolyn,Gray,2017-06-01
1415,2017-01-01,Donna,Morales,2018-12-03
1725,2017-01-04,Richard,Cole,2017-08-30
1201,2017-01-05,Christopher,Phillips-Coleman,2018-01-12
1893,2017-01-06,BILL,LOPEZ,2018-05-25
1766,2017-01-09,Patricia,Martinez,2018-05-23
1789,2017-01-09,Scott,Ramos,2017-10-03
1944,2017-01-11,Daniel,Richardson,2018-04-16
1144,2017-01-16,Donna,Gray,2018-11-06
1982,2017-01-17,Ruth,Scott,2017-06-12
1738,2017-01-19,David,Edwards,2017-07-28
1732,2017-01-22,Beth,Carter Gonzales,2019-07-26
1408,2017-01-24,Sarah,Jordan,2019-02-19
1198,2017-01-29,Christopher,Green,2018-11-03
1026,2017-02-03,SUE,WHITE WALLACE,2017-08-03
1072,2017-02-07,Gregory,Sanders-Reynolds,2017-06-28
1008,2017-02-10,David,Bryant,2019-10-22
1455,2017-02-11,Susan,Ross-Reynolds,2019-08-17
1093,2017-02-12,Kim,Cole,2019-05-15
1832,2017-02-16,Betty,Collins,2019-07-14
1236,2017-02-17,Pamela,Reed Kim,2017-06-13
1658,2017-02-24,Rebecca,Campbell,2019-04-12
1972,2017-02-24,Laura,Hamilton,2019-03-11
1274,2017-02-26,Charles,Evans,2019-02-15
1375,2017-02-26,Matthew,Myers,2017-10-17
1165,2017-03-02,Mark,Watson,2018-06-14
1726,2017-03-02,Kimberly,Miller,2019-10-24
1338,2017-03-03,Joseph,Fisher,2019-09-15
1083,2017-03-04,GREG,GUTIERREZ,2018-12-12
1472,2017-03-08,David,Powell,2019-11-11
1031,2017-03-09,Nancy,James,2019-03-22
1963,2017-03-10,Deborah,Wallace,2019-05-07
1700,2017-03-13,Angela,Adams,2017-06-24
1829,2017-03-13,Daniel,Morris-Griffin,2017-12-06
1666,2017-03-14,Anna,Henderson,2019-10-05
1514,2017-03-15,Anthony,Phillips,2017-07-21
1618,2017-03-15,Sharon,Ortiz,2017-07-11
1398,2017-03-19,Brian,Reed-Ramos,2019-03-15
1487,2017-03-21,Karen,Young,2018-04-04
1109,2017-03-22,Mark,Williams,2019-02-28
1253,2017-03-22,Kathy,Murphy,2019-12-10
1744,2017-03-25,TIMOTHY,WARD,2019-02-05
1603,2017-03-26,BETH,REYES,2018-08-01
1154,2017-03-29,Benjamin,Torres,2019-03-25
1476,2017-03-30,Jessica,Myers,2018-12-23
1395,2017-04-02,JERRY,WILSON,2019-05-08
1761,2017-04-02,Ronald,Bryant,2019-01-08
1573,2017-04-05,Jason,Wood,2018-05-25
1210,2017-04-06,Emma,Wright,2018-08-01
1948,2017-04-07,Jack,Davis,2017-08-27
1171,2017-04-08,Jacob,Griffin,2019-03-24
1359,2017-04-16,Joseph,Ross,2017-06-29
1771,2017-04-19,Karen,Watson,2018-01-14
1272,2017-04-24,Christine,Allen Jordan,2018-10-30
1456,2017-04-24,Kim,Gutierrez Hamilton,2018-10-10
1545,2017-04-24,Gary,Gutierrez,2019-03-14
1691,2017-04-25,KENNETH,SULLIVAN-GIBSON,2018-10-16
1192,2017-05-03,Virginia,Wright,2017-09-30
1248,2017-05-04,Nancy,Mitchell Jordan,2018-02-21
1070,2017-05-09,Frank,Williams,2019-06-09
1046,2017-05-11,Tim,Jackson,2017-12-20
1113,2017-05-22,David,Johnson,2018-06-29
1863,2017-05-23,Carol,Simmons,2019-09-26
1826,2017-05-27,Emily,Gray,2019-04-08
1343,2017-05-29,RACHEL,PARKER,2019-04-23
1776,2017-05-30,Emma,Torres,2017-06-27
1657,2017-05-31,Sarah,Butler,2018-04-13
1202,2017-06-04,Richard,Perry,2017-06-29
1767,2017-06-06,Kimberly,Anderson,2019-04-20
1279,2017-06-10,Samantha,Mitchell,2018-03-18
1596,2017-06-11,Nancy,Chavez,2017-07-24
1741,2017-06-12,Thomas,Perry,2017-11-04
1300,2017-06-13,Scott,Young,2017-06-26
1686,2017-06-17,Sarah,Harris Ramos,2017-07-09
1870,2017-06-17,Ken,Morgan-Henderson,2018-09-12
1394,2017-06-18,Christopher,Adams Patterson,2019-11-05
1251,2017-06-25,Stephanie,Wilson,2018-07-30
1350,2017-06-25,Gregory,Bailey,2018-06-28
1925,2017-06-25,Paul,James,2019-06-14
1193,2017-06-26,Christopher,Carter,
1278,2017-06-26,Christopher,Sullivan,2019-08-31
1135,2017-06-27,Melissa,Anderson,2018-07-11
1086,2017-06-30,Stephen,Hill,2019-03-22
1148,2017-07-04,Mary,Miller,
1339,2017-07-04,Jerry,Gonzalez,
1438,2017-07-04,Michael,Garcia,
1671,2017-07-04,Chris,Martin,2017-09-16
1777,2017-07-04,Chris,Garcia-Ramos,2017-10-30
1536,2017-07-07,Kevin,Reed,2018-06-28
1825,2017-07-07,Richard,Watson,2018-03-06
1207,2017-07-08,STEPHANIE,PEREZ,
1560,2017-07-08,Carolyn,Sanchez,2018-09-12
1949,2017-07-09,Scott,Hughes Hamilton,2017-12-31
1602,2017-07-10,Benjamin,Wallace,2018-08-02
1862,2017-07-13,Kathy,Gonzalez,2019-08-01
1709,2017-07-15,Brian,Hill,
1139,2017-07-16,Catherine,White,
1810,2017-07-16,Ken,Stewart-Chavez,
1128,2017-07-18,Sarah,Miller,2019-09-14
1085,2017-07-20,Tim,Baker,2019-10-01
1326,2017-07-20,Carolyn,Cruz,2019-09-20
1421,2017-07-20,Andrew,Gutierrez,2018-04-17
1426,2017-07-20,CHRISTOPHER,WHITE,2019-10-26
1857,2017-07-20,Robert,Long,2018-03-15
1688,2017-07-22,Pamela,Howard,2020-01-04
1982,2017-07-22,Ruth,Scott,2019-12-13
1006,2017-07-23,Helen,Jackson-Chavez,
1759,2017-07-23,Pamela,Lopez,2018-12-26
1790,2017-07-23,KENNETH,SMITH WALLACE,
1938,2017-07-23,Beth,Taylor,2017-12-29
1400,2017-07-24,Michelle,Collins,2019-05-03
1492,2017-07-24,Jerry,Gomez,
1436,2017-07-25,Robert,West,
1260,2017-07-26,Stephen,Campbell,
1731,2017-07-27,Nancy,Carter,
1809,2017-07-27,Beth,Morales,
1296,2017-07-28,MARGARET,HERNANDEZ,
1358,2017-07-31,Janet,Powell Jordan,2019-09-16
1434,2017-07-31,Pamela,Richardson,2019-01-04
1468,2017-07-31,Donald,Jackson,2018-03-13
1835,2017-07-31,Karen,Nelson,
1385,2017-08-01,Chris,Flores,2018-12-02
1285,2017-08-03,Emily,Cook,2018-01-21
1596,2017-08-03,Nancy,Ward Ramos,2018-03-03
1686,2017-08-03,Sarah,Alexander,
1927,2017-08-04,Timothy,Simmons,
1890,2017-08-05,Christopher,Hall-Graham,
1214,2017-08-07,Tim,Harris,2018-07-21
1340,2017-08-07,Deborah,Scott,
1403,2017-08-07,Timothy,Gibson,
1133,2017-08-08,Nicholas,Torres,2018-07-06
1222,2017-08-08,Kathy,Bennett,2018-05-11
1236,2017-08-09,Pam,Reed Kim,2017-11-07
1303,2017-08-10,Tim,James,
1072,2017-08-11,Greg,Sanders-Reynolds,
1102,2017-08-11,Christopher,Reyes,2019-10-25
1822,2017-08-12,Thomas,Murphy,
1801,2017-08-13,HELEN,SANDERS,2018-01-15
1868,2017-08-13,ERIC,CARTER JORDAN,2019-01-11
1010,2017-08-14,Catherine,Reyes,
1448,2017-08-14,Mary,Ortiz,
1388,2017-08-15,TIMOTHY,HUGHES,2019-01-03
1753,2017-08-15,Donald,Rogers,
1402,2017-08-17,Melissa,Wood,2018-12-29
1610,2017-08-18,Ruth,Martin,2019-01-15
1646,2017-08-19,Donna,Roberts,2019-12-23
1952,2017-08-23,Stephanie,Campbell,2018-02-04
1854,2017-08-24,Rachel,Collins,2019-03-12
1143,2017-08-25,Anthony,Robinson-Cole,
1672,2017-08-25,Kenneth,Ward,2019-06-05
1655,2017-08-26,Emma,Morris,2018-01-26
1748,2017-08-27,Brian,Young,2019-01-20
1858,2017-08-27,Brandon,Wright,
1722,2017-08-29,RICHARD,LONG,
1856,2017-08-29,Kim,Martin,2019-01-31
1287,2017-08-30,Carolyn,Simmons,2018-04-15
1450,2017-09-01,Kimberly,Rodriguez,2019-12-04
1049,2017-09-02,Rebecca,Perez,
1584,2017-09-02,Kim,Diaz,2019-05-30
1183,2017-09-06,Lisa,Price,2019-01-31
1971,2017-09-06,Brian,Perez,
1437,2017-09-09,Donna,Myers,2019-06-07
1760,2017-09-10,Alexander,Sanchez,2019-07-08
1967,2017-09-12,Eric,Perry-Ramos,2017-10-30
1507,2017-09-13,Jerry,Sullivan,2018-06-16
1399,2017-09-14,Joshua,Morris,2019-10-24
1648,2017-09-15,Matthew,Rivera,2018-02-08
1961,2017-09-15,Donna,Taylor,
1587,2017-09-16,Jonathan,Hamilton,
1609,2017-09-17,Sarah,Collins,2018-11-20
1711,2017-09-17,William,Carter,
1941,2017-09-17,Melissa,Wilson,
1037,2017-09-19,Kathy,Hall,2019-01-11
1185,2017-09-19,Charles,Sanders,2019-09-15
1231,2017-09-20,Samantha,Hamilton,2017-10-05
1775,2017-09-21,Chris,Murphy,2019-01-12
1710,2017-09-22,Brandon,Reyes Simmons,
1155,2017-09-23,KATHERINE,BAILEY,2018-12-08
1637,2017-09-23,Elizabeth,Jones,2019-07-03
1859,2017-09-23,Betty,Cook,2019-05-26
1027,2017-09-24,Samantha,Adams,
1311,2017-09-24,Kimberly,Barnes,
1831,2017-09-26,Donna,Barnes,
1954,2017-09-26,Greg,Cook,
1035,2017-09-28,Margaret,Price,2019-08-25
1794,2017-09-28,Kimberly,Foster,2019-10-15
1948,2017-09-28,Jack,Davis,2017-10-02
1331,2017-09-29,Emma,Ramos,
1786,2017-09-29,Daniel,Martin,
1976,2017-09-29,James,Powell,2019-12-07
1076,2017-09-30,Greg,Brooks,2019-08-14
1391,2017-10-02,Gregory,Carter,
1847,2017-10-02,RUTH,DAVIS,2019-06-19
1390,2017-10-04,Laura,Phillips,
1706,2017-10-04,Pamela,Reyes,2019-08-06
1921,2017-10-07,ELIZABETH,MARTIN HAYES,
1360,2017-10-09,Greg,Kim,
1030,2017-10-11,Emily,Russell,2018-08-10
1122,2017-10-11,George,James-Graham,2019-02-24
1298,2017-10-11,KIM,PERRY,2018-06-01
1541,2017-10-13,Thomas,Nelson,2019-05-19
1620,2017-10-15,Nancy,Martinez,2019-12-26
1457,2017-10-16,Raymond,Moore,2019-11-29
1337,2017-10-19,Dorothy,Rivera,2018-05-02
1493,2017-10-24,Angela,Stewart,2019-04-23
1687,2017-10-24,Ruth,Perez,2018-01-06
1038,2017-10-26,Pamela,Clark,2019-08-17
1146,2017-10-26,Jason,Perez,2018-09-02
1605,2017-10-26,EMILY,RODRIGUEZ ALEXANDER,2018-01-03
1783,2017-10-27,Daniel,Martinez,
1991,2017-10-27,Sandra,Williams,
1180,2017-10-28,Gary,Taylor,
1134,2017-10-29,Kim,Perez Griffin,2019-12-29
1824,2017-10-29,Emma,Watson,2017-11-04
1378,2017-10-30,Gregory,Thompson,
1250,2017-11-01,John,Taylor,
1654,2017-11-01,JACK,GONZALEZ-ALEXANDER,
1693,2017-11-01,Amanda,Cruz,
1967,2017-11-01,Eric,Hayes,
1261,2017-11-02,Lisa,Hill,
1423,2017-11-02,JAMES,ANDERSON REYNOLDS,
1020,2017-11-03,Richard,Wood,
1032,2017-11-09,RYAN,HOWARD,2019-11-18
1962,2017-11-12,Kevin,Roberts,
1309,2017-11-18,Cynthia,Allen,2019-02-05
1723,2017-11-18,Mark,Bailey,
1881,2017-11-18,Ryan,Garcia,2017-11-21
1743,2017-11-19,George,Cox,2019-06-29
1932,2017-11-20,DANIEL,WATSON,2018-11-06
1431,2017-11-22,Margaret,Hughes-Gibson,2018-12-07
1190,2017-11-23,Catherine,Cook,
1107,2017-11-25,BRIAN,ROGERS-WEST,
1332,2017-11-26,William,Cruz,2018-02-01
1662,2017-12-01,Kenneth,Rodriguez,
1869,2017-12-04,Linda,Wood,2018-06-02
1482,2017-12-05,Helen,Patterson,2018-10-14
1887,2017-12-05,Daniel,Morgan,
1346,2017-12-08,Sue,Williams,2018-09-12
1141,2017-12-09,Joshua,Moore,2019-04-16
1946,2017-12-09,Gary,Roberts,
1321,2017-12-10,Pamela,Ramirez-Chavez,2018-10-31
1789,2017-12-10,Scott,Smith,
1442,2017-12-12,Ronald,Johnson,2018-12-06
1150,2017-12-13,Joshua,James,
1231,2017-12-19,Samantha,Thompson,2020-03-01
1071,2017-12-21,Greg,Gray,2018-12-06
1067,2017-12-23,ANGELA,BROOKS,
1355,2017-12-24,Bill,Brown,
1299,2017-12-25,Pamela,Cooper,
1430,2017-12-25,Kathy,Wright,2019-10-03
1522,2017-12-25,Christopher,Stewart Jordan,2018-09-22
1733,2017-12-28,Ashley,Nguyen,2019-03-04
1016,2018-01-01,Shirley,Rivera Griffin,2019-10-30
1269,2018-01-01,Alexander,Alexander,2019-01-09
1943,2018-01-01,Andrew,James,2018-05-26
1334,2018-01-02,John,Ramirez,
1578,2018-01-03,Michael,Robinson,2018-07-12
1888,2018-01-04,Tim,Jones,2019-12-13
1418,2018-01-06,Bill,Sullivan,
1625,2018-01-06,Amanda,Jones,2018-02-08
1773,2018-01-06,Alexander,Kelly,2018-11-09
1930,2018-01-06,Raymond,Adams,2018-07-08
1777,2018-01-09,Christopher,Garcia-Ramos,2019-03-23
1779,2018-01-09,Ronald,Powell Chavez,2018-02-11
1465,2018-01-10,George,Nelson,2018-08-27
1497,2018-01-11,Elizabeth,Hughes,2018-03-28
1444,2018-01-14,Linda,Rodriguez,
1812,2018-01-15,Carol,Ramirez,2019-10-25
1168,2018-01-16,Chris,Cook,
1446,2018-01-17,Charles,Barnes,2020-02-25
1867,2018-01-17,Ronald,Lewis,2019-05-11
1855,2018-01-18,BETTY,BUTLER,
1517,2018-01-20,Kenneth,Foster West,2018-03-26
1647,2018-01-23,Kenneth,Miller,2019-09-06
1273,2018-01-24,Ashley,Anderson,
1987,2018-01-27,Eric,Kelly,
1152,2018-01-28,Cynthia,Anderson,2018-06-25
1186,2018-01-28,Joshua,Nguyen,
1043,2018-01-29,Beth,Gutierrez Griffin,
1047,2018-01-29,GREG,SANCHEZ,2018-08-23
1004,2018-02-01,Margaret,James,2019-04-09
1645,2018-02-01,Betty,Moore,
1115,2018-02-05,Sue,Jones,2019-05-02
1599,2018-02-06,NICOLE,MORALES,2019-03-24
1642,2018-02-06,Christopher,Jordan,
1389,2018-02-07,Pam,Allen-Hayes,2019-11-25
1643,2018-02-08,Ashley,Kelly,
1473,2018-02-09,Kathy,Turner,
1259,2018-02-12,Chris,Anderson,2018-09-13
1816,2018-02-14,Samantha,Watson,2018-10-14
1895,2018-02-17,Alexander,Wood,
1007,2018-02-18,DANIEL,PARKER,2018-09-24
1781,2018-02-19,Carol,Wilson,2020-01-22
1163,2018-02-20,Thomas,Adams,
1931,2018-02-20,Edward,Clark,
1105,2018-02-22,Alexander,Edwards,2019-11-02
1332,2018-02-23,Bill,Gonzales,2018-12-10
1504,2018-02-24,Larry,Diaz,2019-03-14
1885,2018-02-24,Gregory,Smith,2018-06-29
1345,2018-02-25,Patricia,Scott,2019-09-09
1521,2018-02-25,Bill,West,
1194,2018-02-27,Dorothy,Diaz,2019-07-14
1612,2018-02-27,Gregory,Ortiz-Graham,2019-01-12
1033,2018-02-28,Ruth,Phillips,
1951,2018-02-28,KIM,BROWN,
1410,2018-03-01,RONALD,ROGERS,
1494,2018-03-02,Janet,Reyes,2019-04-04
1577,2018-03-03,Elizabeth,Perez,2020-03-16
2000,2018-03-04,Timothy,Simmons,2018-12-18
1174,2018-03-06,Scott,Hill-West,2018-06-19
1509,2018-03-08,Chris,Richardson,
1957,2018-03-08,Sue,Perry,
1606,2018-03-12,Rebecca,Richardson,2018-11-22
1614,2018-03-12,William,Thompson,2019-03-15
1638,2018-03-12,Emma,Thomas,
1225,2018-03-13,Tim,Morales,
1230,2018-03-13,Pamela,Rivera,
1661,2018-03-13,Carol,Young,
1127,2018-03-14,Samantha,Harris,2018-09-16
1883,2018-03-14,Sarah,Thompson,
1306,2018-03-15,Jerry,Stewart,
1938,2018-03-15,Elizabeth,Taylor,
1019,2018-03-17,Tim,Robinson,2019-10-16
1769,2018-03-17,CAROL,REYES,
1833,2018-03-18,Angela,Barnes Ramos,2018-11-19
1907,2018-03-18,Christine,Baker,
1815,2018-03-20,Matthew,Parker,
1485,2018-03-21,Charles,Lopez,
1201,2018-03-22,CHRIS,PHILLIPS-COLEMAN,2018-04-11
1807,2018-03-25,Kimberly,Young,
1564,2018-03-28,Christopher,Martinez-Coleman,2018-06-16
1063,2018-03-29,Paul,Gibson,
1876,2018-03-30,Patricia,Perry,
1217,2018-04-01,Kimberly,Moore,2020-03-16
1329,2018-04-02,JEFFREY,HUGHES,
1282,2018-04-03,Rachel,White-Cole,
1284,2018-04-07,Joseph,Gibson,2019-10-06
1597,2018-04-07,Michael,Barnes,
1441,2018-04-08,Kevin,Phillips,2018-09-24
1947,2018-04-08,Timothy,Roberts Alexander,
1763,2018-04-09,Elizabeth,Phillips,
1758,2018-04-11,Jeffrey,Kim,
1852,2018-04-13,Jacob,Evans,2020-01-14
1285,2018-04-15,Emily,Cook,
1293,2018-04-15,JAMES,LONG,
1336,2018-04-15,Janet,Foster,
1384,2018-04-15,DAVID,HUGHES,2018-11-01
1675,2018-04-16,Timothy,Clark-Henderson,
1319,2018-04-17,David,Jenkins,
1411,2018-04-17,Richard,Thomas,2018-07-04
1771,2018-04-17,Karen,Hayes,
1301,2018-04-19,Sue,Price,
1034,2018-04-20,Larry,Wood,
1040,2018-04-23,Michelle,Anderson,2020-02-07
1191,2018-04-23,Greg,Baker-Jordan,2019-05-25
1051,2018-04-26,David,Jackson,
1517,2018-04-26,Ken,Foster West,
1421,2018-04-28,Andrew,Gutierrez,2018-12-12
1901,2018-04-28,Michael,Ortiz,2019-02-10
1447,2018-04-30,Greg,Phillips Hamilton,2018-10-06
1501,2018-04-30,Kathy,Smith,2018-05-06
1248,2018-05-01,Nancy,Graham,
1015,2018-05-02,Anna,Cole,2019-05-13
1189,2018-05-03,Kathy,Reed,2019-02-01
1808,2018-05-04,Beth,Jenkins Coleman,2019-03-04
1218,2018-05-07,Sue,Russell,
1939,2018-05-07,Brenda,Rivera,
1149,2018-05-09,AMANDA,JOHNSON,2018-06-19
1990,2018-05-11,Greg,Perry,2019-09-18
1650,2018-05-12,Cynthia,Cook,
1985,2018-05-14,Kenneth,Hill,
1497,2018-05-17,BETH,HUGHES,
1984,2018-05-18,Stephanie,Evans,2019-06-11
1017,2018-05-20,James,Ramirez,
1104,2018-05-21,William,Sanchez,
1983,2018-05-21,Daniel,Jenkins,
1574,2018-05-23,Ken,Butler Hayes,2018-10-24
1905,2018-05-25,Mary,Bailey,2020-01-30
1965,2018-05-27,Michael,Bailey,
1064,2018-05-30,Robert,Lee,2020-01-02
1312,2018-05-30,ELIZABETH,STEWART WEST,2018-11-11
1782,2018-05-30,Matthew,Hernandez,
1344,2018-06-01,Daniel,Edwards,2019-07-04
1561,2018-06-01,Melissa,Evans Cole,2019-01-21
1591,2018-06-03,Patrick,Walker,2018-10-22
1082,2018-06-05,Sandra,Harris,
1501,2018-06-06,Katherine,Smith,
1745,2018-06-08,Daniel,James,
1663,2018-06-11,Lisa,Sanders,
1922,2018-06-11,Stephen,Phillips,2019-08-24
1136,2018-06-12,Debra,Reynolds,2018-08-23
1222,2018-06-12,Katherine,Bennett,
1424,2018-06-14,Andrew,Campbell,
1291,2018-06-15,Virginia,Morgan,2018-09-25
1548,2018-06-16,Matthew,White Griffin,2020-03-06
1458,2018-06-18,ANDREW,RIVERA,
1503,2018-06-19,Kathy,Thompson,2018-08-14
1736,2018-06-22,Ryan,Gonzalez,
1772,2018-06-22,Jack,Gutierrez,
1121,2018-06-23,Lisa,Edwards,2019-10-22
1586,2018-06-24,Patrick,Flores,
1474,2018-06-25,Michelle,White,
1827,2018-06-25,Gary,Cook,
1165,2018-06-26,Mark,Watson,2018-11-20
1515,2018-06-27,Stephanie,Cruz,2018-11-02
1196,2018-06-29,Dorothy,Campbell,
1797,2018-06-29,Charles,Young,
1864,2018-07-01,Larry,Collins,
1885,2018-07-03,Greg,Smith,2019-08-21
1459,2018-07-05,Timothy,Collins,2019-06-06
1806,2018-07-05,Charles,Fisher,2018-11-27
1113,2018-07-07,David,Bryant,2020-01-28
1611,2018-07-10,Daniel,Murphy,
1350,2018-07-17,Greg,Bailey,
1695,2018-07-17,Brian,Mitchell,2020-01-28
1320,2018-07-21,Katherine,Allen,2019-08-31
1119,2018-07-23,William,Perry,
1564,2018-07-24,CHRIS,MARTINEZ-COLEMAN,2019-07-27
1045,2018-07-25,Kenneth,Campbell,2019-04-30
1224,2018-07-27,Frank,Davis,
1945,2018-07-27,SUSAN,WRIGHT,
1175,2018-07-29,Donna,Graham,2020-03-13
1214,2018-07-29,TIMOTHY,HARRIS,2018-11-06
1506,2018-07-30,Debra,Hall,
1839,2018-07-30,Tim,Barnes,2019-06-23
1014,2018-07-31,Carolyn,Sanders,
1233,2018-07-31,Emily,Cruz,2019-01-31
1349,2018-08-01,Alexander,Collins,
1635,2018-08-03,Kimberly,Ortiz,2019-06-22
1232,2018-08-04,Ryan,Murphy,
1065,2018-08-05,Nancy,Edwards,2019-02-06
1158,2018-08-05,SAMANTHA,ROBINSON KIM,
1708,2018-08-07,Tim,Bell,2019-04-12
1490,2018-08-08,Kenneth,Rivera,
1884,2018-08-08,Kimberly,Walker,
1754,2018-08-09,Brian,Jones,
1454,2018-08-10,KAREN,PHILLIPS,2019-06-19
1466,2018-08-10,Emma,Cook,
1471,2018-08-10,Robert,Hill,
1554,2018-08-10,Kimberly,Hall,2018-09-06
1770,2018-08-10,BETH,WRIGHT,2019-05-07
1893,2018-08-12,William,Lopez,
1719,2018-08-14,Nicholas,Wood,2019-04-27
1124,2018-08-17,Kathy,Evans,2018-11-30
1727,2018-08-17,Alexander,Walker,2019-02-22
1133,2018-08-18,Nicholas,Torres,
1630,2018-08-19,Sue,Campbell,
1220,2018-08-22,Anthony,Gutierrez,
1241,2018-08-23,Lisa,Bell,
1327,2018-08-28,Linda,Evans,
1728,2018-08-28,Jennifer,Parker,
1090,2018-08-31,Christopher,Hughes Griffin,2019-11-07
1603,2018-09-01,Elizabeth,Reyes,
1116,2018-09-03,Stephen,Jenkins,
1380,2018-09-03,Jerry,Ramos,2019-04-27
1058,2018-09-06,Kimberly,Sullivan,2018-09-19
1461,2018-09-06,Sue,Davis,2019-01-19
1053,2018-09-07,Kathleen,Hill,
1176,2018-09-07,Kevin,Hernandez,2018-12-24
1120,2018-09-11,Kim,Kim,2019-03-16
1314,2018-09-11,Nancy,Hamilton,2019-01-30
1683,2018-09-12,KEN,CARTER,
1419,2018-09-16,Scott,Martinez,
1554,2018-09-18,Kim,Hall,
1056,2018-09-19,Raymond,Walker,2019-12-03
1324,2018-09-22,JEFFREY,BAKER-KIM,
1955,2018-09-24,William,Rogers,
1475,2018-09-26,Pamela,Perry,
1479,2018-09-27,Frank,Morales Hayes,
1718,2018-09-27,Michael,Taylor,
1226,2018-10-07,Patrick,Richardson,2019-03-24
1917,2018-10-09,Justin,Ross,
1047,2018-10-13,Gregory,Sanchez,
1631,2018-10-15,Jeffrey,Scott,2019-06-23
1356,2018-10-17,Sharon,Ward,
1601,2018-10-17,Kevin,Murphy,
1836,2018-10-17,Rachel,Brooks Hamilton,2019-08-17
1669,2018-10-18,Greg,Wallace,
1258,2018-10-20,BRIAN,JOHNSON GRIFFIN,
1462,2018-10-20,Sandra,Ramirez,2019-11-22
1259,2018-10-22,Christopher,Anderson,2019-06-25
1075,2018-10-31,Nancy,Stewart,
1219,2018-10-31,Emma,Wilson Gibson,2019-11-24
1622,2018-11-04,Tim,Flores,2019-05-28
1009,2018-11-08,John,Sullivan,
1602,2018-11-09,Benjamin,White,
1784,2018-11-09,BETH,PETERSON,
1204,2018-11-10,Karen,Ortiz,
1270,2018-11-11,Elizabeth,Mitchell,2020-01-26
1899,2018-11-13,Pamela,Nguyen,
1482,2018-11-15,Helen,Wilson-Hamilton,2019-03-15
1528,2018-11-17,William,Collins,2018-12-21
1830,2018-11-17,Brenda,Hughes,
1465,2018-11-18,George,Patterson,2018-12-17
1613,2018-11-19,Ashley,Powell,2019-02-01
1428,2018-11-20,William,Green,
1579,2018-11-20,Greg,Alexander,2020-03-17
1805,2018-11-22,Elizabeth,Butler,
1510,2018-11-24,Stephanie,Murphy,
1870,2018-11-25,KENNETH,MORGAN-HENDERSON,2019-04-03
1381,2018-11-26,Patricia,Howard,2019-07-26
1522,2018-11-27,CHRIS,STEWART JORDAN,2018-12-13
1136,2018-11-28,Debra,Brooks Hayes,
1417,2018-11-29,Nancy,Brooks,2020-01-15
1989,2018-11-30,Ronald,Murphy,
1443,2018-12-01,Brenda,Hill Chavez,2019-04-14
1915,2018-12-01,Ken,Robinson,
1892,2018-12-02,Debra,Hamilton,2019-07-27
1918,2018-12-02,Christine,Alexander,2019-08-16
1151,2018-12-03,Ken,Perez-Ramos,
1537,2018-12-06,Michelle,King,
1585,2018-12-06,JANET,WATSON,2019-03-19
1223,2018-12-07,Laura,Anderson,
1088,2018-12-09,Larry,Reed,
1607,2018-12-10,DAVID,MILLER,
1833,2018-12-15,Angela,Gonzales,
1451,2018-12-16,Jeffrey,Martinez,2019-11-01
1940,2018-12-16,Robert,Wood Graham,
1058,2018-12-18,Kim,Sullivan,2019-08-24
1172,2018-12-21,Brenda,Robinson,
1934,2018-12-25,Carol,Evans,
1576,2018-12-26,Kenneth,Martinez,
1272,2018-12-29,Christine,Hayes,
1198,2018-12-31,Chris,Green,
1528,2018-12-31,Bill,Collins,
1734,2019-01-01,Samuel,Adams Henderson,2019-12-26
1052,2019-01-02,CAROLYN,HERNANDEZ GIBSON,
1926,2019-01-03,Christine,Diaz,
1724,2019-01-04,Linda,Foster,
1558,2019-01-05,Helen,Reed,
1385,2019-01-07,Christopher,Flores,2019-09-21
1480,2019-01-08,Stephanie,Sullivan,
1187,2019-01-09,STEPHANIE,COOK,
1904,2019-01-10,Kenneth,Long,2019-06-30
1091,2019-01-11,Jeffrey,Miller,2019-05-04
1592,2019-01-11,Kathy,Torres,2019-02-15
1774,2019-01-11,Dennis,Wood,
1851,2019-01-12,Brandon,Morgan,2019-03-30
1919,2019-01-14,DANIEL,ROBERTS,
1685,2019-01-15,Angela,Torres,2019-03-02
1612,2019-01-17,Greg,Ortiz-Graham,
1713,2019-01-17,Catherine,Williams,2019-02-26
1071,2019-01-18,Gregory,Gray,2019-03-06
1369,2019-01-18,William,White,2019-10-13
1388,2019-01-18,Tim,Hughes,
1237,2019-01-19,Deborah,Gutierrez,2019-05-14
1239,2019-01-19,Larry,Murphy,
1902,2019-01-21,Nicholas,West,
1162,2019-01-25,Karen,Reyes,2019-09-12
1098,2019-01-29,Charles,Cox,
1756,2019-01-30,THOMAS,KING,
1321,2019-02-02,Pam,Ramirez-Chavez,
1415,2019-02-03,Donna,Morales,
1099,2019-02-07,Dorothy,Barnes,2019-06-05
1432,2019-02-10,LARRY,JAMES,
1765,2019-02-10,Daniel,Diaz,
1791,2019-02-10,Thomas,Long,
1871,2019-02-10,Kathy,Harris,2019-12-17
1911,2019-02-11,Elizabeth,Morgan,2019-06-30
1054,2019-02-12,Rebecca,Bell,2020-01-28
1269,2019-02-12,Alexander,Sanders,
1242,2019-02-16,Sharon,Ramirez Henderson,
1992,2019-02-16,DEBORAH,RIVERA,2019-12-09
1155,2019-02-19,Kathy,Bailey,
1875,2019-02-23,Rebecca,Evans,2020-01-05
1958,2019-02-25,Rachel,Moore,
1238,2019-02-28,Lisa,White,2019-07-27
1314,2019-03-01,Nancy,Hill,
1624,2019-03-03,Laura,Diaz,
1227,2019-03-06,Samuel,Bell,
1499,2019-03-06,VIRGINIA,RODRIGUEZ SIMMONS,
1431,2019-03-10,Margaret,Hayes,
1717,2019-03-10,Karen,Scott,
1720,2019-03-11,Thomas,Bennett,
1205,2019-03-12,Katherine,Rogers,
1122,2019-03-13,George,Gibson,
1092,2019-03-14,Catherine,Sanders,
1761,2019-03-14,Ronald,Young-Jordan,
1066,2019-03-15,Sarah,Rogers,
1100,2019-03-18,Brian,Martinez,2020-03-12
1262,2019-03-18,Timothy,Sanders-Bryant,2019-12-24
1429,2019-03-19,GREGORY,RUSSELL JORDAN,
1928,2019-03-24,Angela,Morgan,
1461,2019-03-26,Susan,Davis,
1408,2019-03-27,Sarah,Nguyen Reynolds,2019-09-03
1495,2019-03-29,Kenneth,Edwards,2019-12-28
1508,2019-03-31,Carolyn,Lewis,2020-02-03
1804,2019-04-02,Pam,Gibson,
1759,2019-04-03,Pam,Simmons,
1851,2019-04-03,Brandon,Morgan,
1433,2019-04-04,Jessica,Price,
1570,2019-04-05,Patrick,Watson,
1972,2019-04-07,Laura,Morales,
1531,2019-04-11,JUSTIN,MORGAN,2019-08-27
1953,2019-04-12,Jonathan,Long Hamilton,2019-07-02
1154,2019-04-18,Benjamin,Torres,
1660,2019-04-18,Ryan,Hamilton,2019-08-21
1097,2019-04-19,Nicole,Gutierrez Gonzales,2019-10-07
1713,2019-04-21,Catherine,Williams,
1171,2019-04-25,Jacob,Mitchell-Coleman,
1538,2019-04-25,Sandra,Fisher-Simmons,2019-05-25
1313,2019-04-26,Jack,Gomez,
1808,2019-04-26,ELIZABETH,JENKINS COLEMAN,
1379,2019-04-27,Barbara,Ross,
1363,2019-05-04,Mary,Thompson-Jordan,
1697,2019-05-04,MICHELLE,TURNER,
1111,2019-05-07,Chris,Cooper,
1673,2019-05-08,James,Gomez,2020-03-19
1842,2019-05-08,Sue,Jackson,2020-01-26
1956,2019-05-10,Rachel,Howard,
1604,2019-05-12,Laura,Campbell,
1681,2019-05-12,Jacob,Fisher-Graham,2019-10-06
1744,2019-05-13,Tim,Ward,
1699,2019-05-14,TIMOTHY,MORRIS,2019-05-29
1322,2019-05-18,Charles,Lewis,
1221,2019-05-20,Samantha,Hall,
1398,2019-05-21,Brian,Jordan,2020-02-18
1995,2019-05-23,Patrick,Green,
1493,2019-05-27,Angela,Stewart,2020-01-09
1785,2019-06-01,Elizabeth,Ward,2019-09-07
1191,2019-06-02,GREGORY,BAKER-JORDAN,
1505,2019-06-03,Nicole,Simmons,2019-10-09
1243,2019-06-08,Thomas,Morales,
1963,2019-06-11,Deborah,Collins-Chavez,
1512,2019-06-12,Robert,Gray,
1045,2019-06-14,Ken,Kim,2020-02-02
1352,2019-06-14,Tim,Hall,2020-01-04
1129,2019-06-15,Frank,Kelly,
1203,2019-06-15,Karen,Green,
1841,2019-06-17,SANDRA,EDWARDS-BRYANT,
1380,2019-06-20,Jerry,King,
1538,2019-06-21,Sandra,Alexander,2019-09-01
1659,2019-06-21,JUSTIN,MOORE,2020-01-10
1091,2019-06-24,Jeffrey,Miller,
1672,2019-06-26,Ken,Ward,
1567,2019-06-27,Elizabeth,Wood,2019-08-28
1268,2019-07-02,Samuel,Williams,
1115,2019-07-06,Susan,Jones,2020-02-21
1712,2019-07-07,BRIAN,RICHARDSON,
1767,2019-07-07,Kim,Anderson,
1096,2019-07-08,Patrick,Moore,
1916,2019-07-08,Elizabeth,Brown,2020-01-24
1996,2019-07-08,DEBORAH,SULLIVAN GONZALES,
1541,2019-07-11,Thomas,Bryant,
1637,2019-07-11,BETH,JONES,
1494,2019-07-12,Janet,Reyes,2020-02-20
1400,2019-07-14,Michelle,Collins,
1445,2019-07-14,Janet,Jackson,2020-02-06
1635,2019-07-15,Kim,Ortiz,
1811,2019-07-17,Margaret,Bell,
1839,2019-07-18,TIMOTHY,BARNES,
1588,2019-07-19,Samantha,Lewis,
1770,2019-07-19,Elizabeth,Wright,2020-03-11
1708,2019-07-21,Timothy,Simmons,
1024,2019-07-22,Sue,Reyes,
1387,2019-07-24,Jacob,Long,2019-08-15
1276,2019-07-26,Thomas,Jackson,
1422,2019-07-26,Anthony,Ortiz,
1015,2019-07-28,Anna,Cook Chavez,
1843,2019-07-30,Charles,Gomez,
1118,2019-08-04,Alexander,Rivera,
1078,2019-08-08,Frank,Rivera,
1904,2019-08-09,Ken,Long,
1656,2019-08-13,Cynthia,Morris,
1500,2019-08-17,Shirley,Foster,
1209,2019-08-19,Emma,Reed,
1455,2019-08-21,SUE,ROSS-REYNOLDS,
1821,2019-08-21,Pamela,Torres,
1362,2019-08-22,Raymond,Mitchell,
1057,2019-08-23,Samantha,Miller,
1862,2019-08-23,Katherine,West,2019-09-04
1147,2019-08-24,Thomas,Gray,
1073,2019-08-25,Amy,Hall,
1387,2019-08-26,Jacob,Long,
1061,2019-08-30,Kenneth,Martin,
1699,2019-08-31,Tim,Morris,
1743,2019-08-31,George,Cox,2020-01-25
1367,2019-09-01,Jonathan,Richardson,2020-01-13
1376,2019-09-02,Ashley,Clark,2019-10-27
1567,2019-09-04,BETH,WOOD,2019-10-25
1035,2019-09-05,Margaret,Price,
1918,2019-09-05,Christine,Gray,
1486,2019-09-08,Sue,Adams,2019-12-09
1595,2019-09-15,Michael,Smith,
1516,2019-09-16,Ronald,Nelson,
1600,2019-09-16,NICOLE,MOORE KIM,2019-11-03
1820,2019-09-17,Michelle,Torres,
1896,2019-09-17,Ruth,Russell-Ramos,
1137,2019-09-19,Janet,Walker,
1194,2019-09-19,Dorothy,Diaz,
1647,2019-09-19,Ken,Miller,
1407,2019-09-26,Michelle,Brooks,2020-03-12
1344,2019-09-29,Daniel,Edwards,
1660,2019-10-02,Ryan,Barnes,2020-03-05
1849,2019-10-04,Kathy,Jenkins,
1470,2019-10-05,Robert,Morris,
1252,2019-10-08,Margaret,Walker,2020-03-18
1012,2019-10-09,Laura,Nguyen,
1914,2019-10-09,Carolyn,Anderson,
1216,2019-10-11,NICHOLAS,WATSON,
1404,2019-10-12,Jack,Cook,
1571,2019-10-13,Christine,Collins,
1483,2019-10-14,Nicole,Sanchez,
1505,2019-10-15,Nicole,Evans,2020-02-05
1732,2019-10-19,ELIZABETH,CARTER GONZALES,
1038,2019-10-21,Pam,Clark,
1667,2019-10-22,William,Perez,
1874,2019-10-22,Michelle,Myers,
1060,2019-10-24,William,Reyes,
1990,2019-10-26,Gregory,Perry,
1535,2019-10-28,EMMA,CRUZ,
1488,2019-10-31,Samantha,Richardson,
1019,2019-11-03,TIMOTHY,ROBINSON,
1530,2019-11-13,Kevin,Miller,
1706,2019-11-13,Pam,Reyes,
1653,2019-11-17,Jason,Cook,2020-02-25
1449,2019-11-18,Sue,Sullivan,
1593,2019-11-18,Scott,Russell,2020-01-30
1228,2019-11-21,SAMUEL,CLARK GIBSON,
1714,2019-11-24,Donald,Moore,
1762,2019-11-24,Emma,Jones,
1739,2019-11-26,RONALD,CARTER GONZALES,
1041,2019-11-28,Rebecca,Davis,2020-03-06
1188,2019-11-28,Mary,Brooks,2020-02-28
1817,2019-11-30,Larry,Cruz,
1886,2019-11-30,Brian,Evans,
1373,2019-12-02,Amy,Turner,
1278,2019-12-04,Chris,Sullivan,
1581,2019-12-05,Joseph,Edwards,
1863,2019-12-09,Carol,Lee-Bryant,
1263,2019-12-10,Ronald,Gutierrez,
1357,2019-12-16,Dennis,Williams,
1382,2019-12-21,Ruth,Turner,
1372,2019-12-23,Gary,James,
1974,2019-12-24,JEFFREY,SANCHEZ,
1016,2019-12-26,Shirley,Chavez,
1430,2020-01-01,KATHERINE,WRIGHT,
1426,2020-01-05,Chris,White,
1968,2020-01-05,George,Wilson,
1206,2020-01-08,Debra,Foster,
1352,2020-01-08,TIMOTHY,HALL,
1262,2020-01-11,TIM,SANDERS-BRYANT,
1106,2020-01-12,Alexander,Foster,
1156,2020-01-14,William,Smith,2020-01-20
1284,2020-01-14,Joseph,Clark-Alexander,
1253,2020-01-16,Katherine,Murphy,
1495,2020-01-17,Ken,Gibson,
1689,2020-01-17,Melissa,Hernandez,
1688,2020-01-21,Pam,Howard,
1090,2020-01-24,CHRIS,HUGHES GRIFFIN,
1305,2020-01-24,Dorothy,Nelson,
1646,2020-01-24,Donna,Graham,
1575,2020-01-25,Samuel,Powell,2020-03-09
1937,2020-01-28,Kathy,White,
1110,2020-01-30,Sharon,Howard,
1877,2020-02-01,Virginia,Williams,
1179,2020-02-02,Amanda,Thompson,
1425,2020-02-05,Alexander,Brown,
1208,2020-02-06,Rachel,Ramirez,
1370,2020-02-06,Ryan,Baker,
1802,2020-02-08,Dorothy,Hernandez,
1768,2020-02-10,Kevin,Peterson,
1888,2020-02-10,TIMOTHY,JONES,
1679,2020-02-12,Mary,Watson,
1182,2020-02-18,Kathy,Sanchez,
1682,2020-02-20,Stephanie,Martin-Bryant,
1942,2020-02-26,Deborah,Morales,
1842,2020-02-28,Susan,Jackson,
1979,2020-03-02,Donna,Cox,
1389,2020-03-03,PAMELA,ALLEN-HAYES,
1156,2020-03-06,BILL,SMITH,
